ISO-10303-21;
HEADER;
FILE_DESCRIPTION(('FreeCAD Model'),'2;1');
FILE_NAME('Open CASCADE Shape Model','2025-10-31T13:13:10',(''),(''),
  'Open CASCADE STEP processor 7.8','FreeCAD','Unknown');
FILE_SCHEMA(('AUTOMOTIVE_DESIGN { 1 0 10303 214 1 1 1 1 }'));
ENDSEC;
DATA;
#1 = APPLICATION_PROTOCOL_DEFINITION('international standard',
  'automotive_design',2000,#2);
#2 = APPLICATION_CONTEXT(
  'core data for automotive mechanical design processes');
#3 = SHAPE_DEFINITION_REPRESENTATION(#4,#10);
#4 = PRODUCT_DEFINITION_SHAPE('','',#5);
#5 = PRODUCT_DEFINITION('design','',#6,#9);
#6 = PRODUCT_DEFINITION_FORMATION('','',#7);
#7 = PRODUCT('DFN_9703083_ADA4945_1ACPZ_R7_Analog_Devices_4433126',
  'DFN_9703083_ADA4945_1ACPZ_R7_Analog_Devices_4433126','',(#8));
#8 = PRODUCT_CONTEXT('',#2,'mechanical');
#9 = PRODUCT_DEFINITION_CONTEXT('part definition',#2,'design');
#10 = SHAPE_REPRESENTATION('',(#11,#15,#19,#23,#27,#31,#35,#39,#43,#47,
    #51,#55,#59,#63,#67,#71,#75,#79,#83,#87),#91);
#11 = AXIS2_PLACEMENT_3D('',#12,#13,#14);
#12 = CARTESIAN_POINT('',(0.,0.,0.));
#13 = DIRECTION('',(0.,0.,1.));
#14 = DIRECTION('',(1.,0.,-0.));
#15 = AXIS2_PLACEMENT_3D('',#16,#17,#18);
#16 = CARTESIAN_POINT('',(0.,0.,0.));
#17 = DIRECTION('',(0.,0.,1.));
#18 = DIRECTION('',(1.,0.,0.));
#19 = AXIS2_PLACEMENT_3D('',#20,#21,#22);
#20 = CARTESIAN_POINT('',(0.,0.,0.));
#21 = DIRECTION('',(0.,0.,1.));
#22 = DIRECTION('',(1.,0.,0.));
#23 = AXIS2_PLACEMENT_3D('',#24,#25,#26);
#24 = CARTESIAN_POINT('',(0.,0.,0.));
#25 = DIRECTION('',(0.,0.,1.));
#26 = DIRECTION('',(1.,0.,0.));
#27 = AXIS2_PLACEMENT_3D('',#28,#29,#30);
#28 = CARTESIAN_POINT('',(0.,0.,0.));
#29 = DIRECTION('',(0.,0.,1.));
#30 = DIRECTION('',(1.,0.,0.));
#31 = AXIS2_PLACEMENT_3D('',#32,#33,#34);
#32 = CARTESIAN_POINT('',(0.,0.,0.));
#33 = DIRECTION('',(0.,0.,1.));
#34 = DIRECTION('',(1.,0.,0.));
#35 = AXIS2_PLACEMENT_3D('',#36,#37,#38);
#36 = CARTESIAN_POINT('',(0.,0.,0.));
#37 = DIRECTION('',(0.,0.,1.));
#38 = DIRECTION('',(1.,0.,0.));
#39 = AXIS2_PLACEMENT_3D('',#40,#41,#42);
#40 = CARTESIAN_POINT('',(0.,0.,0.));
#41 = DIRECTION('',(0.,0.,1.));
#42 = DIRECTION('',(1.,0.,0.));
#43 = AXIS2_PLACEMENT_3D('',#44,#45,#46);
#44 = CARTESIAN_POINT('',(0.,0.,0.));
#45 = DIRECTION('',(0.,0.,1.));
#46 = DIRECTION('',(1.,0.,0.));
#47 = AXIS2_PLACEMENT_3D('',#48,#49,#50);
#48 = CARTESIAN_POINT('',(0.,0.,0.));
#49 = DIRECTION('',(0.,0.,1.));
#50 = DIRECTION('',(1.,0.,0.));
#51 = AXIS2_PLACEMENT_3D('',#52,#53,#54);
#52 = CARTESIAN_POINT('',(0.,0.,0.));
#53 = DIRECTION('',(0.,0.,1.));
#54 = DIRECTION('',(1.,0.,0.));
#55 = AXIS2_PLACEMENT_3D('',#56,#57,#58);
#56 = CARTESIAN_POINT('',(0.,0.,0.));
#57 = DIRECTION('',(0.,0.,1.));
#58 = DIRECTION('',(1.,0.,0.));
#59 = AXIS2_PLACEMENT_3D('',#60,#61,#62);
#60 = CARTESIAN_POINT('',(0.,0.,0.));
#61 = DIRECTION('',(0.,0.,1.));
#62 = DIRECTION('',(1.,0.,0.));
#63 = AXIS2_PLACEMENT_3D('',#64,#65,#66);
#64 = CARTESIAN_POINT('',(0.,0.,0.));
#65 = DIRECTION('',(0.,0.,1.));
#66 = DIRECTION('',(1.,0.,0.));
#67 = AXIS2_PLACEMENT_3D('',#68,#69,#70);
#68 = CARTESIAN_POINT('',(0.,0.,0.));
#69 = DIRECTION('',(0.,0.,1.));
#70 = DIRECTION('',(1.,0.,0.));
#71 = AXIS2_PLACEMENT_3D('',#72,#73,#74);
#72 = CARTESIAN_POINT('',(0.,0.,0.));
#73 = DIRECTION('',(0.,0.,1.));
#74 = DIRECTION('',(1.,0.,0.));
#75 = AXIS2_PLACEMENT_3D('',#76,#77,#78);
#76 = CARTESIAN_POINT('',(0.,0.,0.));
#77 = DIRECTION('',(0.,0.,1.));
#78 = DIRECTION('',(1.,0.,0.));
#79 = AXIS2_PLACEMENT_3D('',#80,#81,#82);
#80 = CARTESIAN_POINT('',(0.,0.,0.));
#81 = DIRECTION('',(0.,0.,1.));
#82 = DIRECTION('',(1.,0.,0.));
#83 = AXIS2_PLACEMENT_3D('',#84,#85,#86);
#84 = CARTESIAN_POINT('',(0.,0.,0.));
#85 = DIRECTION('',(0.,0.,1.));
#86 = DIRECTION('',(1.,0.,0.));
#87 = AXIS2_PLACEMENT_3D('',#88,#89,#90);
#88 = CARTESIAN_POINT('',(0.,0.,0.));
#89 = DIRECTION('',(0.,0.,1.));
#90 = DIRECTION('',(1.,0.,0.));
#91 = ( GEOMETRIC_REPRESENTATION_CONTEXT(3) 
GLOBAL_UNCERTAINTY_ASSIGNED_CONTEXT((#95)) GLOBAL_UNIT_ASSIGNED_CONTEXT(
(#92,#93,#94)) REPRESENTATION_CONTEXT('Context #1',
  '3D Context with UNIT and UNCERTAINTY') );
#92 = ( LENGTH_UNIT() NAMED_UNIT(*) SI_UNIT(.MILLI.,.METRE.) );
#93 = ( NAMED_UNIT(*) PLANE_ANGLE_UNIT() SI_UNIT($,.RADIAN.) );
#94 = ( NAMED_UNIT(*) SI_UNIT($,.STERADIAN.) SOLID_ANGLE_UNIT() );
#95 = UNCERTAINTY_MEASURE_WITH_UNIT(LENGTH_MEASURE(1.E-07),#92,
  'distance_accuracy_value','confusion accuracy');
#96 = PRODUCT_RELATED_PRODUCT_CATEGORY('part',$,(#7));
#97 = SHAPE_DEFINITION_REPRESENTATION(#98,#104);
#98 = PRODUCT_DEFINITION_SHAPE('','',#99);
#99 = PRODUCT_DEFINITION('design','',#100,#103);
#100 = PRODUCT_DEFINITION_FORMATION('','',#101);
#101 = PRODUCT('BaseWithTopCut','BaseWithTopCut','',(#102));
#102 = PRODUCT_CONTEXT('',#2,'mechanical');
#103 = PRODUCT_DEFINITION_CONTEXT('part definition',#2,'design');
#104 = ADVANCED_BREP_SHAPE_REPRESENTATION('',(#11,#105),#300);
#105 = MANIFOLD_SOLID_BREP('',#106);
#106 = CLOSED_SHELL('',(#107,#147,#178,#202,#237,#254,#266,#291));
#107 = ADVANCED_FACE('',(#108),#142,.F.);
#108 = FACE_BOUND('',#109,.F.);
#109 = EDGE_LOOP('',(#110,#120,#128,#136));
#110 = ORIENTED_EDGE('',*,*,#111,.F.);
#111 = EDGE_CURVE('',#112,#114,#116,.T.);
#112 = VERTEX_POINT('',#113);
#113 = CARTESIAN_POINT('',(-1.5,5.E-02,1.5));
#114 = VERTEX_POINT('',#115);
#115 = CARTESIAN_POINT('',(1.5,5.E-02,1.5));
#116 = LINE('',#117,#118);
#117 = CARTESIAN_POINT('',(-1.5,5.E-02,1.5));
#118 = VECTOR('',#119,1.);
#119 = DIRECTION('',(1.,0.,0.));
#120 = ORIENTED_EDGE('',*,*,#121,.T.);
#121 = EDGE_CURVE('',#112,#122,#124,.T.);
#122 = VERTEX_POINT('',#123);
#123 = CARTESIAN_POINT('',(-1.5,0.8,1.5));
#124 = LINE('',#125,#126);
#125 = CARTESIAN_POINT('',(-1.5,0.,1.5));
#126 = VECTOR('',#127,1.);
#127 = DIRECTION('',(0.,1.,0.));
#128 = ORIENTED_EDGE('',*,*,#129,.T.);
#129 = EDGE_CURVE('',#122,#130,#132,.T.);
#130 = VERTEX_POINT('',#131);
#131 = CARTESIAN_POINT('',(1.5,0.8,1.5));
#132 = LINE('',#133,#134);
#133 = CARTESIAN_POINT('',(-1.5,0.8,1.5));
#134 = VECTOR('',#135,1.);
#135 = DIRECTION('',(1.,0.,0.));
#136 = ORIENTED_EDGE('',*,*,#137,.F.);
#137 = EDGE_CURVE('',#114,#130,#138,.T.);
#138 = LINE('',#139,#140);
#139 = CARTESIAN_POINT('',(1.5,0.,1.5));
#140 = VECTOR('',#141,1.);
#141 = DIRECTION('',(0.,1.,0.));
#142 = PLANE('',#143);
#143 = AXIS2_PLACEMENT_3D('',#144,#145,#146);
#144 = CARTESIAN_POINT('',(-1.5,0.,1.5));
#145 = DIRECTION('',(0.,0.,-1.));
#146 = DIRECTION('',(1.,0.,0.));
#147 = ADVANCED_FACE('',(#148),#173,.F.);
#148 = FACE_BOUND('',#149,.F.);
#149 = EDGE_LOOP('',(#150,#151,#159,#167));
#150 = ORIENTED_EDGE('',*,*,#111,.T.);
#151 = ORIENTED_EDGE('',*,*,#152,.T.);
#152 = EDGE_CURVE('',#114,#153,#155,.T.);
#153 = VERTEX_POINT('',#154);
#154 = CARTESIAN_POINT('',(1.5,5.E-02,-1.5));
#155 = LINE('',#156,#157);
#156 = CARTESIAN_POINT('',(1.5,5.E-02,1.5));
#157 = VECTOR('',#158,1.);
#158 = DIRECTION('',(0.,0.,-1.));
#159 = ORIENTED_EDGE('',*,*,#160,.T.);
#160 = EDGE_CURVE('',#153,#161,#163,.T.);
#161 = VERTEX_POINT('',#162);
#162 = CARTESIAN_POINT('',(-1.5,5.E-02,-1.5));
#163 = LINE('',#164,#165);
#164 = CARTESIAN_POINT('',(1.5,5.E-02,-1.5));
#165 = VECTOR('',#166,1.);
#166 = DIRECTION('',(-1.,0.,0.));
#167 = ORIENTED_EDGE('',*,*,#168,.T.);
#168 = EDGE_CURVE('',#161,#112,#169,.T.);
#169 = LINE('',#170,#171);
#170 = CARTESIAN_POINT('',(-1.5,5.E-02,-1.5));
#171 = VECTOR('',#172,1.);
#172 = DIRECTION('',(0.,0.,1.));
#173 = PLANE('',#174);
#174 = AXIS2_PLACEMENT_3D('',#175,#176,#177);
#175 = CARTESIAN_POINT('',(0.,5.E-02,0.));
#176 = DIRECTION('',(0.,1.,0.));
#177 = DIRECTION('',(0.,0.,1.));
#178 = ADVANCED_FACE('',(#179),#197,.F.);
#179 = FACE_BOUND('',#180,.F.);
#180 = EDGE_LOOP('',(#181,#182,#183,#191));
#181 = ORIENTED_EDGE('',*,*,#152,.F.);
#182 = ORIENTED_EDGE('',*,*,#137,.T.);
#183 = ORIENTED_EDGE('',*,*,#184,.T.);
#184 = EDGE_CURVE('',#130,#185,#187,.T.);
#185 = VERTEX_POINT('',#186);
#186 = CARTESIAN_POINT('',(1.5,0.8,-1.5));
#187 = LINE('',#188,#189);
#188 = CARTESIAN_POINT('',(1.5,0.8,1.5));
#189 = VECTOR('',#190,1.);
#190 = DIRECTION('',(0.,0.,-1.));
#191 = ORIENTED_EDGE('',*,*,#192,.F.);
#192 = EDGE_CURVE('',#153,#185,#193,.T.);
#193 = LINE('',#194,#195);
#194 = CARTESIAN_POINT('',(1.5,0.,-1.5));
#195 = VECTOR('',#196,1.);
#196 = DIRECTION('',(0.,1.,0.));
#197 = PLANE('',#198);
#198 = AXIS2_PLACEMENT_3D('',#199,#200,#201);
#199 = CARTESIAN_POINT('',(1.5,0.,1.5));
#200 = DIRECTION('',(-1.,0.,0.));
#201 = DIRECTION('',(0.,0.,-1.));
#202 = ADVANCED_FACE('',(#203,#221),#232,.T.);
#203 = FACE_BOUND('',#204,.T.);
#204 = EDGE_LOOP('',(#205,#206,#207,#215));
#205 = ORIENTED_EDGE('',*,*,#129,.T.);
#206 = ORIENTED_EDGE('',*,*,#184,.T.);
#207 = ORIENTED_EDGE('',*,*,#208,.T.);
#208 = EDGE_CURVE('',#185,#209,#211,.T.);
#209 = VERTEX_POINT('',#210);
#210 = CARTESIAN_POINT('',(-1.5,0.8,-1.5));
#211 = LINE('',#212,#213);
#212 = CARTESIAN_POINT('',(1.5,0.8,-1.5));
#213 = VECTOR('',#214,1.);
#214 = DIRECTION('',(-1.,0.,0.));
#215 = ORIENTED_EDGE('',*,*,#216,.T.);
#216 = EDGE_CURVE('',#209,#122,#217,.T.);
#217 = LINE('',#218,#219);
#218 = CARTESIAN_POINT('',(-1.5,0.8,-1.5));
#219 = VECTOR('',#220,1.);
#220 = DIRECTION('',(0.,0.,1.));
#221 = FACE_BOUND('',#222,.T.);
#222 = EDGE_LOOP('',(#223));
#223 = ORIENTED_EDGE('',*,*,#224,.F.);
#224 = EDGE_CURVE('',#225,#225,#227,.T.);
#225 = VERTEX_POINT('',#226);
#226 = CARTESIAN_POINT('',(-1.119,0.8,-0.969));
#227 = CIRCLE('',#228,0.15);
#228 = AXIS2_PLACEMENT_3D('',#229,#230,#231);
#229 = CARTESIAN_POINT('',(-1.119,0.8,-1.119));
#230 = DIRECTION('',(0.,1.,0.));
#231 = DIRECTION('',(0.,0.,1.));
#232 = PLANE('',#233);
#233 = AXIS2_PLACEMENT_3D('',#234,#235,#236);
#234 = CARTESIAN_POINT('',(0.,0.8,0.));
#235 = DIRECTION('',(0.,1.,0.));
#236 = DIRECTION('',(0.,0.,1.));
#237 = ADVANCED_FACE('',(#238),#249,.F.);
#238 = FACE_BOUND('',#239,.F.);
#239 = EDGE_LOOP('',(#240,#241,#247,#248));
#240 = ORIENTED_EDGE('',*,*,#168,.F.);
#241 = ORIENTED_EDGE('',*,*,#242,.T.);
#242 = EDGE_CURVE('',#161,#209,#243,.T.);
#243 = LINE('',#244,#245);
#244 = CARTESIAN_POINT('',(-1.5,0.,-1.5));
#245 = VECTOR('',#246,1.);
#246 = DIRECTION('',(0.,1.,0.));
#247 = ORIENTED_EDGE('',*,*,#216,.T.);
#248 = ORIENTED_EDGE('',*,*,#121,.F.);
#249 = PLANE('',#250);
#250 = AXIS2_PLACEMENT_3D('',#251,#252,#253);
#251 = CARTESIAN_POINT('',(-1.5,0.,-1.5));
#252 = DIRECTION('',(1.,0.,0.));
#253 = DIRECTION('',(0.,0.,1.));
#254 = ADVANCED_FACE('',(#255),#261,.F.);
#255 = FACE_BOUND('',#256,.F.);
#256 = EDGE_LOOP('',(#257,#258,#259,#260));
#257 = ORIENTED_EDGE('',*,*,#160,.F.);
#258 = ORIENTED_EDGE('',*,*,#192,.T.);
#259 = ORIENTED_EDGE('',*,*,#208,.T.);
#260 = ORIENTED_EDGE('',*,*,#242,.F.);
#261 = PLANE('',#262);
#262 = AXIS2_PLACEMENT_3D('',#263,#264,#265);
#263 = CARTESIAN_POINT('',(1.5,0.,-1.5));
#264 = DIRECTION('',(0.,0.,1.));
#265 = DIRECTION('',(-1.,0.,0.));
#266 = ADVANCED_FACE('',(#267),#286,.F.);
#267 = FACE_BOUND('',#268,.F.);
#268 = EDGE_LOOP('',(#269,#277,#284,#285));
#269 = ORIENTED_EDGE('',*,*,#270,.T.);
#270 = EDGE_CURVE('',#225,#271,#273,.T.);
#271 = VERTEX_POINT('',#272);
#272 = CARTESIAN_POINT('',(-1.119,0.72,-0.969));
#273 = LINE('',#274,#275);
#274 = CARTESIAN_POINT('',(-1.119,0.8,-0.969));
#275 = VECTOR('',#276,1.);
#276 = DIRECTION('',(0.,-1.,0.));
#277 = ORIENTED_EDGE('',*,*,#278,.T.);
#278 = EDGE_CURVE('',#271,#271,#279,.T.);
#279 = CIRCLE('',#280,0.15);
#280 = AXIS2_PLACEMENT_3D('',#281,#282,#283);
#281 = CARTESIAN_POINT('',(-1.119,0.72,-1.119));
#282 = DIRECTION('',(0.,1.,0.));
#283 = DIRECTION('',(0.,0.,1.));
#284 = ORIENTED_EDGE('',*,*,#270,.F.);
#285 = ORIENTED_EDGE('',*,*,#224,.F.);
#286 = CYLINDRICAL_SURFACE('',#287,0.15);
#287 = AXIS2_PLACEMENT_3D('',#288,#289,#290);
#288 = CARTESIAN_POINT('',(-1.119,0.8,-1.119));
#289 = DIRECTION('',(0.,1.,0.));
#290 = DIRECTION('',(0.,0.,1.));
#291 = ADVANCED_FACE('',(#292),#295,.T.);
#292 = FACE_BOUND('',#293,.T.);
#293 = EDGE_LOOP('',(#294));
#294 = ORIENTED_EDGE('',*,*,#278,.T.);
#295 = PLANE('',#296);
#296 = AXIS2_PLACEMENT_3D('',#297,#298,#299);
#297 = CARTESIAN_POINT('',(-1.119,0.72,-1.119));
#298 = DIRECTION('',(0.,1.,0.));
#299 = DIRECTION('',(0.,0.,1.));
#300 = ( GEOMETRIC_REPRESENTATION_CONTEXT(3) 
GLOBAL_UNCERTAINTY_ASSIGNED_CONTEXT((#304)) GLOBAL_UNIT_ASSIGNED_CONTEXT
((#301,#302,#303)) REPRESENTATION_CONTEXT('Context #1',
  '3D Context with UNIT and UNCERTAINTY') );
#301 = ( LENGTH_UNIT() NAMED_UNIT(*) SI_UNIT(.MILLI.,.METRE.) );
#302 = ( NAMED_UNIT(*) PLANE_ANGLE_UNIT() SI_UNIT($,.RADIAN.) );
#303 = ( NAMED_UNIT(*) SI_UNIT($,.STERADIAN.) SOLID_ANGLE_UNIT() );
#304 = UNCERTAINTY_MEASURE_WITH_UNIT(LENGTH_MEASURE(1.E-07),#301,
  'distance_accuracy_value','confusion accuracy');
#305 = CONTEXT_DEPENDENT_SHAPE_REPRESENTATION(#306,#308);
#306 = ( REPRESENTATION_RELATIONSHIP('','',#104,#10) 
REPRESENTATION_RELATIONSHIP_WITH_TRANSFORMATION(#307) 
SHAPE_REPRESENTATION_RELATIONSHIP() );
#307 = ITEM_DEFINED_TRANSFORMATION('','',#11,#15);
#308 = PRODUCT_DEFINITION_SHAPE('Placement','Placement of an item',#309
  );
#309 = NEXT_ASSEMBLY_USAGE_OCCURRENCE('7345','BaseWithTopCut','',#5,#99,
  $);
#310 = PRODUCT_RELATED_PRODUCT_CATEGORY('part',$,(#101));
#311 = SHAPE_DEFINITION_REPRESENTATION(#312,#318);
#312 = PRODUCT_DEFINITION_SHAPE('','',#313);
#313 = PRODUCT_DEFINITION('design','',#314,#317);
#314 = PRODUCT_DEFINITION_FORMATION('','',#315);
#315 = PRODUCT('TopCircle_NewBody','TopCircle_NewBody','',(#316));
#316 = PRODUCT_CONTEXT('',#2,'mechanical');
#317 = PRODUCT_DEFINITION_CONTEXT('part definition',#2,'design');
#318 = ADVANCED_BREP_SHAPE_REPRESENTATION('',(#11,#319),#372);
#319 = MANIFOLD_SOLID_BREP('',#320);
#320 = CLOSED_SHELL('',(#321,#354,#363));
#321 = ADVANCED_FACE('',(#322),#349,.T.);
#322 = FACE_BOUND('',#323,.T.);
#323 = EDGE_LOOP('',(#324,#334,#341,#342));
#324 = ORIENTED_EDGE('',*,*,#325,.T.);
#325 = EDGE_CURVE('',#326,#328,#330,.T.);
#326 = VERTEX_POINT('',#327);
#327 = CARTESIAN_POINT('',(-1.119,0.8,-0.969));
#328 = VERTEX_POINT('',#329);
#329 = CARTESIAN_POINT('',(-1.119,0.72,-0.969));
#330 = LINE('',#331,#332);
#331 = CARTESIAN_POINT('',(-1.119,0.8,-0.969));
#332 = VECTOR('',#333,1.);
#333 = DIRECTION('',(0.,-1.,0.));
#334 = ORIENTED_EDGE('',*,*,#335,.T.);
#335 = EDGE_CURVE('',#328,#328,#336,.T.);
#336 = CIRCLE('',#337,0.15);
#337 = AXIS2_PLACEMENT_3D('',#338,#339,#340);
#338 = CARTESIAN_POINT('',(-1.119,0.72,-1.119));
#339 = DIRECTION('',(0.,1.,0.));
#340 = DIRECTION('',(0.,-0.,1.));
#341 = ORIENTED_EDGE('',*,*,#325,.F.);
#342 = ORIENTED_EDGE('',*,*,#343,.F.);
#343 = EDGE_CURVE('',#326,#326,#344,.T.);
#344 = CIRCLE('',#345,0.15);
#345 = AXIS2_PLACEMENT_3D('',#346,#347,#348);
#346 = CARTESIAN_POINT('',(-1.119,0.8,-1.119));
#347 = DIRECTION('',(0.,1.,0.));
#348 = DIRECTION('',(0.,-0.,1.));
#349 = CYLINDRICAL_SURFACE('',#350,0.15);
#350 = AXIS2_PLACEMENT_3D('',#351,#352,#353);
#351 = CARTESIAN_POINT('',(-1.119,0.8,-1.119));
#352 = DIRECTION('',(0.,1.,0.));
#353 = DIRECTION('',(0.,-0.,1.));
#354 = ADVANCED_FACE('',(#355),#358,.T.);
#355 = FACE_BOUND('',#356,.T.);
#356 = EDGE_LOOP('',(#357));
#357 = ORIENTED_EDGE('',*,*,#343,.T.);
#358 = PLANE('',#359);
#359 = AXIS2_PLACEMENT_3D('',#360,#361,#362);
#360 = CARTESIAN_POINT('',(-1.119,0.8,-1.119));
#361 = DIRECTION('',(0.,1.,0.));
#362 = DIRECTION('',(0.,-0.,1.));
#363 = ADVANCED_FACE('',(#364),#367,.F.);
#364 = FACE_BOUND('',#365,.F.);
#365 = EDGE_LOOP('',(#366));
#366 = ORIENTED_EDGE('',*,*,#335,.T.);
#367 = PLANE('',#368);
#368 = AXIS2_PLACEMENT_3D('',#369,#370,#371);
#369 = CARTESIAN_POINT('',(-1.119,0.72,-1.119));
#370 = DIRECTION('',(0.,1.,0.));
#371 = DIRECTION('',(0.,-0.,1.));
#372 = ( GEOMETRIC_REPRESENTATION_CONTEXT(3) 
GLOBAL_UNCERTAINTY_ASSIGNED_CONTEXT((#376)) GLOBAL_UNIT_ASSIGNED_CONTEXT
((#373,#374,#375)) REPRESENTATION_CONTEXT('Context #1',
  '3D Context with UNIT and UNCERTAINTY') );
#373 = ( LENGTH_UNIT() NAMED_UNIT(*) SI_UNIT(.MILLI.,.METRE.) );
#374 = ( NAMED_UNIT(*) PLANE_ANGLE_UNIT() SI_UNIT($,.RADIAN.) );
#375 = ( NAMED_UNIT(*) SI_UNIT($,.STERADIAN.) SOLID_ANGLE_UNIT() );
#376 = UNCERTAINTY_MEASURE_WITH_UNIT(LENGTH_MEASURE(1.E-07),#373,
  'distance_accuracy_value','confusion accuracy');
#377 = CONTEXT_DEPENDENT_SHAPE_REPRESENTATION(#378,#380);
#378 = ( REPRESENTATION_RELATIONSHIP('','',#318,#10) 
REPRESENTATION_RELATIONSHIP_WITH_TRANSFORMATION(#379) 
SHAPE_REPRESENTATION_RELATIONSHIP() );
#379 = ITEM_DEFINED_TRANSFORMATION('','',#11,#19);
#380 = PRODUCT_DEFINITION_SHAPE('Placement','Placement of an item',#381
  );
#381 = NEXT_ASSEMBLY_USAGE_OCCURRENCE('7346','TopCircle_NewBody','',#5,
  #313,$);
#382 = PRODUCT_RELATED_PRODUCT_CATEGORY('part',$,(#315));
#383 = SHAPE_DEFINITION_REPRESENTATION(#384,#390);
#384 = PRODUCT_DEFINITION_SHAPE('','',#385);
#385 = PRODUCT_DEFINITION('design','',#386,#389);
#386 = PRODUCT_DEFINITION_FORMATION('','',#387);
#387 = PRODUCT('Pad_5_1','Pad_5_1','',(#388));
#388 = PRODUCT_CONTEXT('',#2,'mechanical');
#389 = PRODUCT_DEFINITION_CONTEXT('part definition',#2,'design');
#390 = ADVANCED_BREP_SHAPE_REPRESENTATION('',(#11,#391),#611);
#391 = MANIFOLD_SOLID_BREP('',#392);
#392 = CLOSED_SHELL('',(#393,#433,#482,#507,#532,#565,#582,#599));
#393 = ADVANCED_FACE('',(#394),#428,.T.);
#394 = FACE_BOUND('',#395,.T.);
#395 = EDGE_LOOP('',(#396,#406,#414,#422));
#396 = ORIENTED_EDGE('',*,*,#397,.F.);
#397 = EDGE_CURVE('',#398,#400,#402,.T.);
#398 = VERTEX_POINT('',#399);
#399 = CARTESIAN_POINT('',(-0.7472726,5.E-02,1.015));
#400 = VERTEX_POINT('',#401);
#401 = CARTESIAN_POINT('',(-0.7527274,5.E-02,1.015));
#402 = LINE('',#403,#404);
#403 = CARTESIAN_POINT('',(-0.62,5.E-02,1.015));
#404 = VECTOR('',#405,1.);
#405 = DIRECTION('',(-1.,0.,0.));
#406 = ORIENTED_EDGE('',*,*,#407,.T.);
#407 = EDGE_CURVE('',#398,#408,#410,.T.);
#408 = VERTEX_POINT('',#409);
#409 = CARTESIAN_POINT('',(-0.7472726,0.,1.015));
#410 = LINE('',#411,#412);
#411 = CARTESIAN_POINT('',(-0.7472726,5.E-02,1.015));
#412 = VECTOR('',#413,1.);
#413 = DIRECTION('',(0.,-1.,0.));
#414 = ORIENTED_EDGE('',*,*,#415,.T.);
#415 = EDGE_CURVE('',#408,#416,#418,.T.);
#416 = VERTEX_POINT('',#417);
#417 = CARTESIAN_POINT('',(-0.7527274,0.,1.015));
#418 = LINE('',#419,#420);
#419 = CARTESIAN_POINT('',(-0.62,0.,1.015));
#420 = VECTOR('',#421,1.);
#421 = DIRECTION('',(-1.,0.,0.));
#422 = ORIENTED_EDGE('',*,*,#423,.F.);
#423 = EDGE_CURVE('',#400,#416,#424,.T.);
#424 = LINE('',#425,#426);
#425 = CARTESIAN_POINT('',(-0.7527274,5.E-02,1.015));
#426 = VECTOR('',#427,1.);
#427 = DIRECTION('',(0.,-1.,0.));
#428 = PLANE('',#429);
#429 = AXIS2_PLACEMENT_3D('',#430,#431,#432);
#430 = CARTESIAN_POINT('',(-0.62,5.E-02,1.015));
#431 = DIRECTION('',(-0.,-0.,-1.));
#432 = DIRECTION('',(-1.,0.,0.));
#433 = ADVANCED_FACE('',(#434),#477,.T.);
#434 = FACE_BOUND('',#435,.T.);
#435 = EDGE_LOOP('',(#436,#437,#446,#454,#462,#470));
#436 = ORIENTED_EDGE('',*,*,#397,.T.);
#437 = ORIENTED_EDGE('',*,*,#438,.T.);
#438 = EDGE_CURVE('',#400,#439,#441,.T.);
#439 = VERTEX_POINT('',#440);
#440 = CARTESIAN_POINT('',(-0.88,5.E-02,1.1422726));
#441 = CIRCLE('',#442,0.1272726);
#442 = AXIS2_PLACEMENT_3D('',#443,#444,#445);
#443 = CARTESIAN_POINT('',(-0.7527274,5.E-02,1.1422726));
#444 = DIRECTION('',(-0.,1.,0.));
#445 = DIRECTION('',(0.,0.,-1.));
#446 = ORIENTED_EDGE('',*,*,#447,.T.);
#447 = EDGE_CURVE('',#439,#448,#450,.T.);
#448 = VERTEX_POINT('',#449);
#449 = CARTESIAN_POINT('',(-0.88,5.E-02,1.5));
#450 = LINE('',#451,#452);
#451 = CARTESIAN_POINT('',(-0.88,5.E-02,1.015));
#452 = VECTOR('',#453,1.);
#453 = DIRECTION('',(0.,0.,1.));
#454 = ORIENTED_EDGE('',*,*,#455,.T.);
#455 = EDGE_CURVE('',#448,#456,#458,.T.);
#456 = VERTEX_POINT('',#457);
#457 = CARTESIAN_POINT('',(-0.62,5.E-02,1.5));
#458 = LINE('',#459,#460);
#459 = CARTESIAN_POINT('',(-1.5,5.E-02,1.5));
#460 = VECTOR('',#461,1.);
#461 = DIRECTION('',(1.,0.,0.));
#462 = ORIENTED_EDGE('',*,*,#463,.T.);
#463 = EDGE_CURVE('',#456,#464,#466,.T.);
#464 = VERTEX_POINT('',#465);
#465 = CARTESIAN_POINT('',(-0.62,5.E-02,1.1422726));
#466 = LINE('',#467,#468);
#467 = CARTESIAN_POINT('',(-0.62,5.E-02,1.855));
#468 = VECTOR('',#469,1.);
#469 = DIRECTION('',(0.,0.,-1.));
#470 = ORIENTED_EDGE('',*,*,#471,.F.);
#471 = EDGE_CURVE('',#398,#464,#472,.T.);
#472 = CIRCLE('',#473,0.1272726);
#473 = AXIS2_PLACEMENT_3D('',#474,#475,#476);
#474 = CARTESIAN_POINT('',(-0.7472726,5.E-02,1.1422726));
#475 = DIRECTION('',(0.,-1.,0.));
#476 = DIRECTION('',(0.,-0.,-1.));
#477 = PLANE('',#478);
#478 = AXIS2_PLACEMENT_3D('',#479,#480,#481);
#479 = CARTESIAN_POINT('',(-0.75,5.E-02,1.435));
#480 = DIRECTION('',(0.,1.,0.));
#481 = DIRECTION('',(0.,0.,1.));
#482 = ADVANCED_FACE('',(#483),#502,.T.);
#483 = FACE_BOUND('',#484,.T.);
#484 = EDGE_LOOP('',(#485,#486,#494,#501));
#485 = ORIENTED_EDGE('',*,*,#471,.T.);
#486 = ORIENTED_EDGE('',*,*,#487,.T.);
#487 = EDGE_CURVE('',#464,#488,#490,.T.);
#488 = VERTEX_POINT('',#489);
#489 = CARTESIAN_POINT('',(-0.62,0.,1.1422726));
#490 = LINE('',#491,#492);
#491 = CARTESIAN_POINT('',(-0.62,5.E-02,1.1422726));
#492 = VECTOR('',#493,1.);
#493 = DIRECTION('',(0.,-1.,0.));
#494 = ORIENTED_EDGE('',*,*,#495,.F.);
#495 = EDGE_CURVE('',#408,#488,#496,.T.);
#496 = CIRCLE('',#497,0.1272726);
#497 = AXIS2_PLACEMENT_3D('',#498,#499,#500);
#498 = CARTESIAN_POINT('',(-0.7472726,0.,1.1422726));
#499 = DIRECTION('',(0.,-1.,0.));
#500 = DIRECTION('',(0.,-0.,-1.));
#501 = ORIENTED_EDGE('',*,*,#407,.F.);
#502 = CYLINDRICAL_SURFACE('',#503,0.1272726);
#503 = AXIS2_PLACEMENT_3D('',#504,#505,#506);
#504 = CARTESIAN_POINT('',(-0.7472726,5.E-02,1.1422726));
#505 = DIRECTION('',(0.,-1.,0.));
#506 = DIRECTION('',(0.,0.,-1.));
#507 = ADVANCED_FACE('',(#508),#527,.T.);
#508 = FACE_BOUND('',#509,.F.);
#509 = EDGE_LOOP('',(#510,#511,#519,#526));
#510 = ORIENTED_EDGE('',*,*,#438,.T.);
#511 = ORIENTED_EDGE('',*,*,#512,.T.);
#512 = EDGE_CURVE('',#439,#513,#515,.T.);
#513 = VERTEX_POINT('',#514);
#514 = CARTESIAN_POINT('',(-0.88,0.,1.1422726));
#515 = LINE('',#516,#517);
#516 = CARTESIAN_POINT('',(-0.88,5.E-02,1.1422726));
#517 = VECTOR('',#518,1.);
#518 = DIRECTION('',(0.,-1.,0.));
#519 = ORIENTED_EDGE('',*,*,#520,.F.);
#520 = EDGE_CURVE('',#416,#513,#521,.T.);
#521 = CIRCLE('',#522,0.1272726);
#522 = AXIS2_PLACEMENT_3D('',#523,#524,#525);
#523 = CARTESIAN_POINT('',(-0.7527274,0.,1.1422726));
#524 = DIRECTION('',(-0.,1.,0.));
#525 = DIRECTION('',(0.,0.,-1.));
#526 = ORIENTED_EDGE('',*,*,#423,.F.);
#527 = CYLINDRICAL_SURFACE('',#528,0.1272726);
#528 = AXIS2_PLACEMENT_3D('',#529,#530,#531);
#529 = CARTESIAN_POINT('',(-0.7527274,5.E-02,1.1422726));
#530 = DIRECTION('',(0.,-1.,0.));
#531 = DIRECTION('',(0.,0.,-1.));
#532 = ADVANCED_FACE('',(#533),#560,.F.);
#533 = FACE_BOUND('',#534,.F.);
#534 = EDGE_LOOP('',(#535,#536,#537,#545,#553,#559));
#535 = ORIENTED_EDGE('',*,*,#415,.T.);
#536 = ORIENTED_EDGE('',*,*,#520,.T.);
#537 = ORIENTED_EDGE('',*,*,#538,.T.);
#538 = EDGE_CURVE('',#513,#539,#541,.T.);
#539 = VERTEX_POINT('',#540);
#540 = CARTESIAN_POINT('',(-0.88,0.,1.5));
#541 = LINE('',#542,#543);
#542 = CARTESIAN_POINT('',(-0.88,0.,1.015));
#543 = VECTOR('',#544,1.);
#544 = DIRECTION('',(0.,0.,1.));
#545 = ORIENTED_EDGE('',*,*,#546,.T.);
#546 = EDGE_CURVE('',#539,#547,#549,.T.);
#547 = VERTEX_POINT('',#548);
#548 = CARTESIAN_POINT('',(-0.62,0.,1.5));
#549 = LINE('',#550,#551);
#550 = CARTESIAN_POINT('',(-1.5,0.,1.5));
#551 = VECTOR('',#552,1.);
#552 = DIRECTION('',(1.,0.,0.));
#553 = ORIENTED_EDGE('',*,*,#554,.T.);
#554 = EDGE_CURVE('',#547,#488,#555,.T.);
#555 = LINE('',#556,#557);
#556 = CARTESIAN_POINT('',(-0.62,0.,1.855));
#557 = VECTOR('',#558,1.);
#558 = DIRECTION('',(0.,0.,-1.));
#559 = ORIENTED_EDGE('',*,*,#495,.F.);
#560 = PLANE('',#561);
#561 = AXIS2_PLACEMENT_3D('',#562,#563,#564);
#562 = CARTESIAN_POINT('',(-0.75,0.,1.435));
#563 = DIRECTION('',(0.,1.,0.));
#564 = DIRECTION('',(0.,0.,1.));
#565 = ADVANCED_FACE('',(#566),#577,.T.);
#566 = FACE_BOUND('',#567,.T.);
#567 = EDGE_LOOP('',(#568,#569,#575,#576));
#568 = ORIENTED_EDGE('',*,*,#463,.F.);
#569 = ORIENTED_EDGE('',*,*,#570,.T.);
#570 = EDGE_CURVE('',#456,#547,#571,.T.);
#571 = LINE('',#572,#573);
#572 = CARTESIAN_POINT('',(-0.62,5.E-02,1.5));
#573 = VECTOR('',#574,1.);
#574 = DIRECTION('',(0.,-1.,0.));
#575 = ORIENTED_EDGE('',*,*,#554,.T.);
#576 = ORIENTED_EDGE('',*,*,#487,.F.);
#577 = PLANE('',#578);
#578 = AXIS2_PLACEMENT_3D('',#579,#580,#581);
#579 = CARTESIAN_POINT('',(-0.62,5.E-02,1.5));
#580 = DIRECTION('',(1.,0.,0.));
#581 = DIRECTION('',(0.,0.,-1.));
#582 = ADVANCED_FACE('',(#583),#594,.T.);
#583 = FACE_BOUND('',#584,.T.);
#584 = EDGE_LOOP('',(#585,#586,#587,#588));
#585 = ORIENTED_EDGE('',*,*,#447,.F.);
#586 = ORIENTED_EDGE('',*,*,#512,.T.);
#587 = ORIENTED_EDGE('',*,*,#538,.T.);
#588 = ORIENTED_EDGE('',*,*,#589,.F.);
#589 = EDGE_CURVE('',#448,#539,#590,.T.);
#590 = LINE('',#591,#592);
#591 = CARTESIAN_POINT('',(-0.88,5.E-02,1.5));
#592 = VECTOR('',#593,1.);
#593 = DIRECTION('',(0.,-1.,0.));
#594 = PLANE('',#595);
#595 = AXIS2_PLACEMENT_3D('',#596,#597,#598);
#596 = CARTESIAN_POINT('',(-0.88,5.E-02,1.015));
#597 = DIRECTION('',(-1.,0.,0.));
#598 = DIRECTION('',(0.,0.,1.));
#599 = ADVANCED_FACE('',(#600),#606,.T.);
#600 = FACE_BOUND('',#601,.T.);
#601 = EDGE_LOOP('',(#602,#603,#604,#605));
#602 = ORIENTED_EDGE('',*,*,#589,.T.);
#603 = ORIENTED_EDGE('',*,*,#546,.T.);
#604 = ORIENTED_EDGE('',*,*,#570,.F.);
#605 = ORIENTED_EDGE('',*,*,#455,.F.);
#606 = PLANE('',#607);
#607 = AXIS2_PLACEMENT_3D('',#608,#609,#610);
#608 = CARTESIAN_POINT('',(-0.88,5.E-02,1.5));
#609 = DIRECTION('',(0.,0.,1.));
#610 = DIRECTION('',(1.,0.,0.));
#611 = ( GEOMETRIC_REPRESENTATION_CONTEXT(3) 
GLOBAL_UNCERTAINTY_ASSIGNED_CONTEXT((#615)) GLOBAL_UNIT_ASSIGNED_CONTEXT
((#612,#613,#614)) REPRESENTATION_CONTEXT('Context #1',
  '3D Context with UNIT and UNCERTAINTY') );
#612 = ( LENGTH_UNIT() NAMED_UNIT(*) SI_UNIT(.MILLI.,.METRE.) );
#613 = ( NAMED_UNIT(*) PLANE_ANGLE_UNIT() SI_UNIT($,.RADIAN.) );
#614 = ( NAMED_UNIT(*) SI_UNIT($,.STERADIAN.) SOLID_ANGLE_UNIT() );
#615 = UNCERTAINTY_MEASURE_WITH_UNIT(LENGTH_MEASURE(1.E-07),#612,
  'distance_accuracy_value','confusion accuracy');
#616 = CONTEXT_DEPENDENT_SHAPE_REPRESENTATION(#617,#619);
#617 = ( REPRESENTATION_RELATIONSHIP('','',#390,#10) 
REPRESENTATION_RELATIONSHIP_WITH_TRANSFORMATION(#618) 
SHAPE_REPRESENTATION_RELATIONSHIP() );
#618 = ITEM_DEFINED_TRANSFORMATION('','',#11,#23);
#619 = PRODUCT_DEFINITION_SHAPE('Placement','Placement of an item',#620
  );
#620 = NEXT_ASSEMBLY_USAGE_OCCURRENCE('7347','Pad_5_1','',#5,#385,$);
#621 = PRODUCT_RELATED_PRODUCT_CATEGORY('part',$,(#387));
#622 = SHAPE_DEFINITION_REPRESENTATION(#623,#629);
#623 = PRODUCT_DEFINITION_SHAPE('','',#624);
#624 = PRODUCT_DEFINITION('design','',#625,#628);
#625 = PRODUCT_DEFINITION_FORMATION('','',#626);
#626 = PRODUCT('Pad_6_1','Pad_6_1','',(#627));
#627 = PRODUCT_CONTEXT('',#2,'mechanical');
#628 = PRODUCT_DEFINITION_CONTEXT('part definition',#2,'design');
#629 = ADVANCED_BREP_SHAPE_REPRESENTATION('',(#11,#630),#850);
#630 = MANIFOLD_SOLID_BREP('',#631);
#631 = CLOSED_SHELL('',(#632,#672,#721,#746,#771,#804,#821,#838));
#632 = ADVANCED_FACE('',(#633),#667,.T.);
#633 = FACE_BOUND('',#634,.T.);
#634 = EDGE_LOOP('',(#635,#645,#653,#661));
#635 = ORIENTED_EDGE('',*,*,#636,.F.);
#636 = EDGE_CURVE('',#637,#639,#641,.T.);
#637 = VERTEX_POINT('',#638);
#638 = CARTESIAN_POINT('',(-0.2472726,5.E-02,1.015));
#639 = VERTEX_POINT('',#640);
#640 = CARTESIAN_POINT('',(-0.2527274,5.E-02,1.015));
#641 = LINE('',#642,#643);
#642 = CARTESIAN_POINT('',(-0.12,5.E-02,1.015));
#643 = VECTOR('',#644,1.);
#644 = DIRECTION('',(-1.,0.,0.));
#645 = ORIENTED_EDGE('',*,*,#646,.T.);
#646 = EDGE_CURVE('',#637,#647,#649,.T.);
#647 = VERTEX_POINT('',#648);
#648 = CARTESIAN_POINT('',(-0.2472726,0.,1.015));
#649 = LINE('',#650,#651);
#650 = CARTESIAN_POINT('',(-0.2472726,5.E-02,1.015));
#651 = VECTOR('',#652,1.);
#652 = DIRECTION('',(0.,-1.,0.));
#653 = ORIENTED_EDGE('',*,*,#654,.T.);
#654 = EDGE_CURVE('',#647,#655,#657,.T.);
#655 = VERTEX_POINT('',#656);
#656 = CARTESIAN_POINT('',(-0.2527274,0.,1.015));
#657 = LINE('',#658,#659);
#658 = CARTESIAN_POINT('',(-0.12,0.,1.015));
#659 = VECTOR('',#660,1.);
#660 = DIRECTION('',(-1.,0.,0.));
#661 = ORIENTED_EDGE('',*,*,#662,.F.);
#662 = EDGE_CURVE('',#639,#655,#663,.T.);
#663 = LINE('',#664,#665);
#664 = CARTESIAN_POINT('',(-0.2527274,5.E-02,1.015));
#665 = VECTOR('',#666,1.);
#666 = DIRECTION('',(0.,-1.,0.));
#667 = PLANE('',#668);
#668 = AXIS2_PLACEMENT_3D('',#669,#670,#671);
#669 = CARTESIAN_POINT('',(-0.12,5.E-02,1.015));
#670 = DIRECTION('',(-0.,-0.,-1.));
#671 = DIRECTION('',(-1.,0.,0.));
#672 = ADVANCED_FACE('',(#673),#716,.T.);
#673 = FACE_BOUND('',#674,.T.);
#674 = EDGE_LOOP('',(#675,#676,#685,#693,#701,#709));
#675 = ORIENTED_EDGE('',*,*,#636,.T.);
#676 = ORIENTED_EDGE('',*,*,#677,.T.);
#677 = EDGE_CURVE('',#639,#678,#680,.T.);
#678 = VERTEX_POINT('',#679);
#679 = CARTESIAN_POINT('',(-0.38,5.E-02,1.1422726));
#680 = CIRCLE('',#681,0.1272726);
#681 = AXIS2_PLACEMENT_3D('',#682,#683,#684);
#682 = CARTESIAN_POINT('',(-0.2527274,5.E-02,1.1422726));
#683 = DIRECTION('',(-0.,1.,0.));
#684 = DIRECTION('',(0.,0.,-1.));
#685 = ORIENTED_EDGE('',*,*,#686,.T.);
#686 = EDGE_CURVE('',#678,#687,#689,.T.);
#687 = VERTEX_POINT('',#688);
#688 = CARTESIAN_POINT('',(-0.38,5.E-02,1.5));
#689 = LINE('',#690,#691);
#690 = CARTESIAN_POINT('',(-0.38,5.E-02,1.015));
#691 = VECTOR('',#692,1.);
#692 = DIRECTION('',(0.,0.,1.));
#693 = ORIENTED_EDGE('',*,*,#694,.T.);
#694 = EDGE_CURVE('',#687,#695,#697,.T.);
#695 = VERTEX_POINT('',#696);
#696 = CARTESIAN_POINT('',(-0.12,5.E-02,1.5));
#697 = LINE('',#698,#699);
#698 = CARTESIAN_POINT('',(-1.5,5.E-02,1.5));
#699 = VECTOR('',#700,1.);
#700 = DIRECTION('',(1.,0.,0.));
#701 = ORIENTED_EDGE('',*,*,#702,.T.);
#702 = EDGE_CURVE('',#695,#703,#705,.T.);
#703 = VERTEX_POINT('',#704);
#704 = CARTESIAN_POINT('',(-0.12,5.E-02,1.1422726));
#705 = LINE('',#706,#707);
#706 = CARTESIAN_POINT('',(-0.12,5.E-02,1.855));
#707 = VECTOR('',#708,1.);
#708 = DIRECTION('',(-6.608470384674E-17,0.,-1.));
#709 = ORIENTED_EDGE('',*,*,#710,.F.);
#710 = EDGE_CURVE('',#637,#703,#711,.T.);
#711 = CIRCLE('',#712,0.1272726);
#712 = AXIS2_PLACEMENT_3D('',#713,#714,#715);
#713 = CARTESIAN_POINT('',(-0.2472726,5.E-02,1.1422726));
#714 = DIRECTION('',(0.,-1.,0.));
#715 = DIRECTION('',(0.,-0.,-1.));
#716 = PLANE('',#717);
#717 = AXIS2_PLACEMENT_3D('',#718,#719,#720);
#718 = CARTESIAN_POINT('',(-0.25,5.E-02,1.435));
#719 = DIRECTION('',(0.,1.,0.));
#720 = DIRECTION('',(0.,0.,1.));
#721 = ADVANCED_FACE('',(#722),#741,.T.);
#722 = FACE_BOUND('',#723,.T.);
#723 = EDGE_LOOP('',(#724,#725,#733,#740));
#724 = ORIENTED_EDGE('',*,*,#710,.T.);
#725 = ORIENTED_EDGE('',*,*,#726,.T.);
#726 = EDGE_CURVE('',#703,#727,#729,.T.);
#727 = VERTEX_POINT('',#728);
#728 = CARTESIAN_POINT('',(-0.12,0.,1.1422726));
#729 = LINE('',#730,#731);
#730 = CARTESIAN_POINT('',(-0.12,5.E-02,1.1422726));
#731 = VECTOR('',#732,1.);
#732 = DIRECTION('',(0.,-1.,0.));
#733 = ORIENTED_EDGE('',*,*,#734,.F.);
#734 = EDGE_CURVE('',#647,#727,#735,.T.);
#735 = CIRCLE('',#736,0.1272726);
#736 = AXIS2_PLACEMENT_3D('',#737,#738,#739);
#737 = CARTESIAN_POINT('',(-0.2472726,0.,1.1422726));
#738 = DIRECTION('',(0.,-1.,0.));
#739 = DIRECTION('',(0.,-0.,-1.));
#740 = ORIENTED_EDGE('',*,*,#646,.F.);
#741 = CYLINDRICAL_SURFACE('',#742,0.1272726);
#742 = AXIS2_PLACEMENT_3D('',#743,#744,#745);
#743 = CARTESIAN_POINT('',(-0.2472726,5.E-02,1.1422726));
#744 = DIRECTION('',(0.,-1.,0.));
#745 = DIRECTION('',(0.,0.,-1.));
#746 = ADVANCED_FACE('',(#747),#766,.T.);
#747 = FACE_BOUND('',#748,.F.);
#748 = EDGE_LOOP('',(#749,#750,#758,#765));
#749 = ORIENTED_EDGE('',*,*,#677,.T.);
#750 = ORIENTED_EDGE('',*,*,#751,.T.);
#751 = EDGE_CURVE('',#678,#752,#754,.T.);
#752 = VERTEX_POINT('',#753);
#753 = CARTESIAN_POINT('',(-0.38,0.,1.1422726));
#754 = LINE('',#755,#756);
#755 = CARTESIAN_POINT('',(-0.38,5.E-02,1.1422726));
#756 = VECTOR('',#757,1.);
#757 = DIRECTION('',(0.,-1.,0.));
#758 = ORIENTED_EDGE('',*,*,#759,.F.);
#759 = EDGE_CURVE('',#655,#752,#760,.T.);
#760 = CIRCLE('',#761,0.1272726);
#761 = AXIS2_PLACEMENT_3D('',#762,#763,#764);
#762 = CARTESIAN_POINT('',(-0.2527274,0.,1.1422726));
#763 = DIRECTION('',(-0.,1.,0.));
#764 = DIRECTION('',(0.,0.,-1.));
#765 = ORIENTED_EDGE('',*,*,#662,.F.);
#766 = CYLINDRICAL_SURFACE('',#767,0.1272726);
#767 = AXIS2_PLACEMENT_3D('',#768,#769,#770);
#768 = CARTESIAN_POINT('',(-0.2527274,5.E-02,1.1422726));
#769 = DIRECTION('',(0.,-1.,0.));
#770 = DIRECTION('',(0.,0.,-1.));
#771 = ADVANCED_FACE('',(#772),#799,.F.);
#772 = FACE_BOUND('',#773,.F.);
#773 = EDGE_LOOP('',(#774,#775,#776,#784,#792,#798));
#774 = ORIENTED_EDGE('',*,*,#654,.T.);
#775 = ORIENTED_EDGE('',*,*,#759,.T.);
#776 = ORIENTED_EDGE('',*,*,#777,.T.);
#777 = EDGE_CURVE('',#752,#778,#780,.T.);
#778 = VERTEX_POINT('',#779);
#779 = CARTESIAN_POINT('',(-0.38,0.,1.5));
#780 = LINE('',#781,#782);
#781 = CARTESIAN_POINT('',(-0.38,0.,1.015));
#782 = VECTOR('',#783,1.);
#783 = DIRECTION('',(0.,0.,1.));
#784 = ORIENTED_EDGE('',*,*,#785,.T.);
#785 = EDGE_CURVE('',#778,#786,#788,.T.);
#786 = VERTEX_POINT('',#787);
#787 = CARTESIAN_POINT('',(-0.12,0.,1.5));
#788 = LINE('',#789,#790);
#789 = CARTESIAN_POINT('',(-1.5,0.,1.5));
#790 = VECTOR('',#791,1.);
#791 = DIRECTION('',(1.,0.,0.));
#792 = ORIENTED_EDGE('',*,*,#793,.T.);
#793 = EDGE_CURVE('',#786,#727,#794,.T.);
#794 = LINE('',#795,#796);
#795 = CARTESIAN_POINT('',(-0.12,0.,1.855));
#796 = VECTOR('',#797,1.);
#797 = DIRECTION('',(-6.608470384674E-17,0.,-1.));
#798 = ORIENTED_EDGE('',*,*,#734,.F.);
#799 = PLANE('',#800);
#800 = AXIS2_PLACEMENT_3D('',#801,#802,#803);
#801 = CARTESIAN_POINT('',(-0.25,0.,1.435));
#802 = DIRECTION('',(0.,1.,0.));
#803 = DIRECTION('',(0.,0.,1.));
#804 = ADVANCED_FACE('',(#805),#816,.T.);
#805 = FACE_BOUND('',#806,.T.);
#806 = EDGE_LOOP('',(#807,#808,#814,#815));
#807 = ORIENTED_EDGE('',*,*,#702,.F.);
#808 = ORIENTED_EDGE('',*,*,#809,.T.);
#809 = EDGE_CURVE('',#695,#786,#810,.T.);
#810 = LINE('',#811,#812);
#811 = CARTESIAN_POINT('',(-0.12,5.E-02,1.5));
#812 = VECTOR('',#813,1.);
#813 = DIRECTION('',(0.,-1.,0.));
#814 = ORIENTED_EDGE('',*,*,#793,.T.);
#815 = ORIENTED_EDGE('',*,*,#726,.F.);
#816 = PLANE('',#817);
#817 = AXIS2_PLACEMENT_3D('',#818,#819,#820);
#818 = CARTESIAN_POINT('',(-0.12,5.E-02,1.5));
#819 = DIRECTION('',(1.,0.,-6.608470384674E-17));
#820 = DIRECTION('',(-6.608470384674E-17,0.,-1.));
#821 = ADVANCED_FACE('',(#822),#833,.T.);
#822 = FACE_BOUND('',#823,.T.);
#823 = EDGE_LOOP('',(#824,#825,#826,#827));
#824 = ORIENTED_EDGE('',*,*,#686,.F.);
#825 = ORIENTED_EDGE('',*,*,#751,.T.);
#826 = ORIENTED_EDGE('',*,*,#777,.T.);
#827 = ORIENTED_EDGE('',*,*,#828,.F.);
#828 = EDGE_CURVE('',#687,#778,#829,.T.);
#829 = LINE('',#830,#831);
#830 = CARTESIAN_POINT('',(-0.38,5.E-02,1.5));
#831 = VECTOR('',#832,1.);
#832 = DIRECTION('',(0.,-1.,0.));
#833 = PLANE('',#834);
#834 = AXIS2_PLACEMENT_3D('',#835,#836,#837);
#835 = CARTESIAN_POINT('',(-0.38,5.E-02,1.015));
#836 = DIRECTION('',(-1.,0.,0.));
#837 = DIRECTION('',(0.,0.,1.));
#838 = ADVANCED_FACE('',(#839),#845,.T.);
#839 = FACE_BOUND('',#840,.T.);
#840 = EDGE_LOOP('',(#841,#842,#843,#844));
#841 = ORIENTED_EDGE('',*,*,#828,.T.);
#842 = ORIENTED_EDGE('',*,*,#785,.T.);
#843 = ORIENTED_EDGE('',*,*,#809,.F.);
#844 = ORIENTED_EDGE('',*,*,#694,.F.);
#845 = PLANE('',#846);
#846 = AXIS2_PLACEMENT_3D('',#847,#848,#849);
#847 = CARTESIAN_POINT('',(-0.38,5.E-02,1.5));
#848 = DIRECTION('',(0.,0.,1.));
#849 = DIRECTION('',(1.,0.,0.));
#850 = ( GEOMETRIC_REPRESENTATION_CONTEXT(3) 
GLOBAL_UNCERTAINTY_ASSIGNED_CONTEXT((#854)) GLOBAL_UNIT_ASSIGNED_CONTEXT
((#851,#852,#853)) REPRESENTATION_CONTEXT('Context #1',
  '3D Context with UNIT and UNCERTAINTY') );
#851 = ( LENGTH_UNIT() NAMED_UNIT(*) SI_UNIT(.MILLI.,.METRE.) );
#852 = ( NAMED_UNIT(*) PLANE_ANGLE_UNIT() SI_UNIT($,.RADIAN.) );
#853 = ( NAMED_UNIT(*) SI_UNIT($,.STERADIAN.) SOLID_ANGLE_UNIT() );
#854 = UNCERTAINTY_MEASURE_WITH_UNIT(LENGTH_MEASURE(1.E-07),#851,
  'distance_accuracy_value','confusion accuracy');
#855 = CONTEXT_DEPENDENT_SHAPE_REPRESENTATION(#856,#858);
#856 = ( REPRESENTATION_RELATIONSHIP('','',#629,#10) 
REPRESENTATION_RELATIONSHIP_WITH_TRANSFORMATION(#857) 
SHAPE_REPRESENTATION_RELATIONSHIP() );
#857 = ITEM_DEFINED_TRANSFORMATION('','',#11,#27);
#858 = PRODUCT_DEFINITION_SHAPE('Placement','Placement of an item',#859
  );
#859 = NEXT_ASSEMBLY_USAGE_OCCURRENCE('7348','Pad_6_1','',#5,#624,$);
#860 = PRODUCT_RELATED_PRODUCT_CATEGORY('part',$,(#626));
#861 = SHAPE_DEFINITION_REPRESENTATION(#862,#868);
#862 = PRODUCT_DEFINITION_SHAPE('','',#863);
#863 = PRODUCT_DEFINITION('design','',#864,#867);
#864 = PRODUCT_DEFINITION_FORMATION('','',#865);
#865 = PRODUCT('Pad_7_1','Pad_7_1','',(#866));
#866 = PRODUCT_CONTEXT('',#2,'mechanical');
#867 = PRODUCT_DEFINITION_CONTEXT('part definition',#2,'design');
#868 = ADVANCED_BREP_SHAPE_REPRESENTATION('',(#11,#869),#1089);
#869 = MANIFOLD_SOLID_BREP('',#870);
#870 = CLOSED_SHELL('',(#871,#911,#960,#985,#1010,#1043,#1060,#1077));
#871 = ADVANCED_FACE('',(#872),#906,.T.);
#872 = FACE_BOUND('',#873,.T.);
#873 = EDGE_LOOP('',(#874,#884,#892,#900));
#874 = ORIENTED_EDGE('',*,*,#875,.F.);
#875 = EDGE_CURVE('',#876,#878,#880,.T.);
#876 = VERTEX_POINT('',#877);
#877 = CARTESIAN_POINT('',(0.2527274,5.E-02,1.015));
#878 = VERTEX_POINT('',#879);
#879 = CARTESIAN_POINT('',(0.2472726,5.E-02,1.015));
#880 = LINE('',#881,#882);
#881 = CARTESIAN_POINT('',(0.38,5.E-02,1.015));
#882 = VECTOR('',#883,1.);
#883 = DIRECTION('',(-1.,0.,0.));
#884 = ORIENTED_EDGE('',*,*,#885,.T.);
#885 = EDGE_CURVE('',#876,#886,#888,.T.);
#886 = VERTEX_POINT('',#887);
#887 = CARTESIAN_POINT('',(0.2527274,0.,1.015));
#888 = LINE('',#889,#890);
#889 = CARTESIAN_POINT('',(0.2527274,5.E-02,1.015));
#890 = VECTOR('',#891,1.);
#891 = DIRECTION('',(0.,-1.,0.));
#892 = ORIENTED_EDGE('',*,*,#893,.T.);
#893 = EDGE_CURVE('',#886,#894,#896,.T.);
#894 = VERTEX_POINT('',#895);
#895 = CARTESIAN_POINT('',(0.2472726,0.,1.015));
#896 = LINE('',#897,#898);
#897 = CARTESIAN_POINT('',(0.38,0.,1.015));
#898 = VECTOR('',#899,1.);
#899 = DIRECTION('',(-1.,0.,0.));
#900 = ORIENTED_EDGE('',*,*,#901,.F.);
#901 = EDGE_CURVE('',#878,#894,#902,.T.);
#902 = LINE('',#903,#904);
#903 = CARTESIAN_POINT('',(0.2472726,5.E-02,1.015));
#904 = VECTOR('',#905,1.);
#905 = DIRECTION('',(0.,-1.,0.));
#906 = PLANE('',#907);
#907 = AXIS2_PLACEMENT_3D('',#908,#909,#910);
#908 = CARTESIAN_POINT('',(0.38,5.E-02,1.015));
#909 = DIRECTION('',(-0.,-0.,-1.));
#910 = DIRECTION('',(-1.,0.,0.));
#911 = ADVANCED_FACE('',(#912),#955,.T.);
#912 = FACE_BOUND('',#913,.T.);
#913 = EDGE_LOOP('',(#914,#915,#924,#932,#940,#948));
#914 = ORIENTED_EDGE('',*,*,#875,.T.);
#915 = ORIENTED_EDGE('',*,*,#916,.T.);
#916 = EDGE_CURVE('',#878,#917,#919,.T.);
#917 = VERTEX_POINT('',#918);
#918 = CARTESIAN_POINT('',(0.12,5.E-02,1.1422726));
#919 = CIRCLE('',#920,0.1272726);
#920 = AXIS2_PLACEMENT_3D('',#921,#922,#923);
#921 = CARTESIAN_POINT('',(0.2472726,5.E-02,1.1422726));
#922 = DIRECTION('',(-0.,1.,0.));
#923 = DIRECTION('',(0.,0.,-1.));
#924 = ORIENTED_EDGE('',*,*,#925,.T.);
#925 = EDGE_CURVE('',#917,#926,#928,.T.);
#926 = VERTEX_POINT('',#927);
#927 = CARTESIAN_POINT('',(0.12,5.E-02,1.5));
#928 = LINE('',#929,#930);
#929 = CARTESIAN_POINT('',(0.12,5.E-02,1.015));
#930 = VECTOR('',#931,1.);
#931 = DIRECTION('',(6.608470384674E-17,0.,1.));
#932 = ORIENTED_EDGE('',*,*,#933,.T.);
#933 = EDGE_CURVE('',#926,#934,#936,.T.);
#934 = VERTEX_POINT('',#935);
#935 = CARTESIAN_POINT('',(0.38,5.E-02,1.5));
#936 = LINE('',#937,#938);
#937 = CARTESIAN_POINT('',(-1.5,5.E-02,1.5));
#938 = VECTOR('',#939,1.);
#939 = DIRECTION('',(1.,0.,0.));
#940 = ORIENTED_EDGE('',*,*,#941,.T.);
#941 = EDGE_CURVE('',#934,#942,#944,.T.);
#942 = VERTEX_POINT('',#943);
#943 = CARTESIAN_POINT('',(0.38,5.E-02,1.1422726));
#944 = LINE('',#945,#946);
#945 = CARTESIAN_POINT('',(0.38,5.E-02,1.855));
#946 = VECTOR('',#947,1.);
#947 = DIRECTION('',(0.,0.,-1.));
#948 = ORIENTED_EDGE('',*,*,#949,.F.);
#949 = EDGE_CURVE('',#876,#942,#950,.T.);
#950 = CIRCLE('',#951,0.1272726);
#951 = AXIS2_PLACEMENT_3D('',#952,#953,#954);
#952 = CARTESIAN_POINT('',(0.2527274,5.E-02,1.1422726));
#953 = DIRECTION('',(0.,-1.,0.));
#954 = DIRECTION('',(0.,-0.,-1.));
#955 = PLANE('',#956);
#956 = AXIS2_PLACEMENT_3D('',#957,#958,#959);
#957 = CARTESIAN_POINT('',(0.25,5.E-02,1.435));
#958 = DIRECTION('',(0.,1.,0.));
#959 = DIRECTION('',(0.,0.,1.));
#960 = ADVANCED_FACE('',(#961),#980,.T.);
#961 = FACE_BOUND('',#962,.T.);
#962 = EDGE_LOOP('',(#963,#964,#972,#979));
#963 = ORIENTED_EDGE('',*,*,#949,.T.);
#964 = ORIENTED_EDGE('',*,*,#965,.T.);
#965 = EDGE_CURVE('',#942,#966,#968,.T.);
#966 = VERTEX_POINT('',#967);
#967 = CARTESIAN_POINT('',(0.38,0.,1.1422726));
#968 = LINE('',#969,#970);
#969 = CARTESIAN_POINT('',(0.38,5.E-02,1.1422726));
#970 = VECTOR('',#971,1.);
#971 = DIRECTION('',(0.,-1.,0.));
#972 = ORIENTED_EDGE('',*,*,#973,.F.);
#973 = EDGE_CURVE('',#886,#966,#974,.T.);
#974 = CIRCLE('',#975,0.1272726);
#975 = AXIS2_PLACEMENT_3D('',#976,#977,#978);
#976 = CARTESIAN_POINT('',(0.2527274,0.,1.1422726));
#977 = DIRECTION('',(0.,-1.,0.));
#978 = DIRECTION('',(0.,-0.,-1.));
#979 = ORIENTED_EDGE('',*,*,#885,.F.);
#980 = CYLINDRICAL_SURFACE('',#981,0.1272726);
#981 = AXIS2_PLACEMENT_3D('',#982,#983,#984);
#982 = CARTESIAN_POINT('',(0.2527274,5.E-02,1.1422726));
#983 = DIRECTION('',(0.,-1.,0.));
#984 = DIRECTION('',(0.,0.,-1.));
#985 = ADVANCED_FACE('',(#986),#1005,.T.);
#986 = FACE_BOUND('',#987,.F.);
#987 = EDGE_LOOP('',(#988,#989,#997,#1004));
#988 = ORIENTED_EDGE('',*,*,#916,.T.);
#989 = ORIENTED_EDGE('',*,*,#990,.T.);
#990 = EDGE_CURVE('',#917,#991,#993,.T.);
#991 = VERTEX_POINT('',#992);
#992 = CARTESIAN_POINT('',(0.12,0.,1.1422726));
#993 = LINE('',#994,#995);
#994 = CARTESIAN_POINT('',(0.12,5.E-02,1.1422726));
#995 = VECTOR('',#996,1.);
#996 = DIRECTION('',(0.,-1.,0.));
#997 = ORIENTED_EDGE('',*,*,#998,.F.);
#998 = EDGE_CURVE('',#894,#991,#999,.T.);
#999 = CIRCLE('',#1000,0.1272726);
#1000 = AXIS2_PLACEMENT_3D('',#1001,#1002,#1003);
#1001 = CARTESIAN_POINT('',(0.2472726,0.,1.1422726));
#1002 = DIRECTION('',(-0.,1.,0.));
#1003 = DIRECTION('',(0.,0.,-1.));
#1004 = ORIENTED_EDGE('',*,*,#901,.F.);
#1005 = CYLINDRICAL_SURFACE('',#1006,0.1272726);
#1006 = AXIS2_PLACEMENT_3D('',#1007,#1008,#1009);
#1007 = CARTESIAN_POINT('',(0.2472726,5.E-02,1.1422726));
#1008 = DIRECTION('',(0.,-1.,0.));
#1009 = DIRECTION('',(0.,0.,-1.));
#1010 = ADVANCED_FACE('',(#1011),#1038,.F.);
#1011 = FACE_BOUND('',#1012,.F.);
#1012 = EDGE_LOOP('',(#1013,#1014,#1015,#1023,#1031,#1037));
#1013 = ORIENTED_EDGE('',*,*,#893,.T.);
#1014 = ORIENTED_EDGE('',*,*,#998,.T.);
#1015 = ORIENTED_EDGE('',*,*,#1016,.T.);
#1016 = EDGE_CURVE('',#991,#1017,#1019,.T.);
#1017 = VERTEX_POINT('',#1018);
#1018 = CARTESIAN_POINT('',(0.12,0.,1.5));
#1019 = LINE('',#1020,#1021);
#1020 = CARTESIAN_POINT('',(0.12,0.,1.015));
#1021 = VECTOR('',#1022,1.);
#1022 = DIRECTION('',(6.608470384674E-17,0.,1.));
#1023 = ORIENTED_EDGE('',*,*,#1024,.T.);
#1024 = EDGE_CURVE('',#1017,#1025,#1027,.T.);
#1025 = VERTEX_POINT('',#1026);
#1026 = CARTESIAN_POINT('',(0.38,0.,1.5));
#1027 = LINE('',#1028,#1029);
#1028 = CARTESIAN_POINT('',(-1.5,0.,1.5));
#1029 = VECTOR('',#1030,1.);
#1030 = DIRECTION('',(1.,0.,0.));
#1031 = ORIENTED_EDGE('',*,*,#1032,.T.);
#1032 = EDGE_CURVE('',#1025,#966,#1033,.T.);
#1033 = LINE('',#1034,#1035);
#1034 = CARTESIAN_POINT('',(0.38,0.,1.855));
#1035 = VECTOR('',#1036,1.);
#1036 = DIRECTION('',(0.,0.,-1.));
#1037 = ORIENTED_EDGE('',*,*,#973,.F.);
#1038 = PLANE('',#1039);
#1039 = AXIS2_PLACEMENT_3D('',#1040,#1041,#1042);
#1040 = CARTESIAN_POINT('',(0.25,0.,1.435));
#1041 = DIRECTION('',(0.,1.,0.));
#1042 = DIRECTION('',(0.,0.,1.));
#1043 = ADVANCED_FACE('',(#1044),#1055,.T.);
#1044 = FACE_BOUND('',#1045,.T.);
#1045 = EDGE_LOOP('',(#1046,#1047,#1053,#1054));
#1046 = ORIENTED_EDGE('',*,*,#941,.F.);
#1047 = ORIENTED_EDGE('',*,*,#1048,.T.);
#1048 = EDGE_CURVE('',#934,#1025,#1049,.T.);
#1049 = LINE('',#1050,#1051);
#1050 = CARTESIAN_POINT('',(0.38,5.E-02,1.5));
#1051 = VECTOR('',#1052,1.);
#1052 = DIRECTION('',(0.,-1.,0.));
#1053 = ORIENTED_EDGE('',*,*,#1032,.T.);
#1054 = ORIENTED_EDGE('',*,*,#965,.F.);
#1055 = PLANE('',#1056);
#1056 = AXIS2_PLACEMENT_3D('',#1057,#1058,#1059);
#1057 = CARTESIAN_POINT('',(0.38,5.E-02,1.5));
#1058 = DIRECTION('',(1.,0.,0.));
#1059 = DIRECTION('',(0.,0.,-1.));
#1060 = ADVANCED_FACE('',(#1061),#1072,.T.);
#1061 = FACE_BOUND('',#1062,.T.);
#1062 = EDGE_LOOP('',(#1063,#1064,#1065,#1066));
#1063 = ORIENTED_EDGE('',*,*,#925,.F.);
#1064 = ORIENTED_EDGE('',*,*,#990,.T.);
#1065 = ORIENTED_EDGE('',*,*,#1016,.T.);
#1066 = ORIENTED_EDGE('',*,*,#1067,.F.);
#1067 = EDGE_CURVE('',#926,#1017,#1068,.T.);
#1068 = LINE('',#1069,#1070);
#1069 = CARTESIAN_POINT('',(0.12,5.E-02,1.5));
#1070 = VECTOR('',#1071,1.);
#1071 = DIRECTION('',(0.,-1.,0.));
#1072 = PLANE('',#1073);
#1073 = AXIS2_PLACEMENT_3D('',#1074,#1075,#1076);
#1074 = CARTESIAN_POINT('',(0.12,5.E-02,1.015));
#1075 = DIRECTION('',(-1.,0.,6.608470384674E-17));
#1076 = DIRECTION('',(6.608470384674E-17,0.,1.));
#1077 = ADVANCED_FACE('',(#1078),#1084,.T.);
#1078 = FACE_BOUND('',#1079,.T.);
#1079 = EDGE_LOOP('',(#1080,#1081,#1082,#1083));
#1080 = ORIENTED_EDGE('',*,*,#1067,.T.);
#1081 = ORIENTED_EDGE('',*,*,#1024,.T.);
#1082 = ORIENTED_EDGE('',*,*,#1048,.F.);
#1083 = ORIENTED_EDGE('',*,*,#933,.F.);
#1084 = PLANE('',#1085);
#1085 = AXIS2_PLACEMENT_3D('',#1086,#1087,#1088);
#1086 = CARTESIAN_POINT('',(0.12,5.E-02,1.5));
#1087 = DIRECTION('',(0.,0.,1.));
#1088 = DIRECTION('',(1.,0.,0.));
#1089 = ( GEOMETRIC_REPRESENTATION_CONTEXT(3) 
GLOBAL_UNCERTAINTY_ASSIGNED_CONTEXT((#1093)) 
GLOBAL_UNIT_ASSIGNED_CONTEXT((#1090,#1091,#1092)) REPRESENTATION_CONTEXT
('Context #1','3D Context with UNIT and UNCERTAINTY') );
#1090 = ( LENGTH_UNIT() NAMED_UNIT(*) SI_UNIT(.MILLI.,.METRE.) );
#1091 = ( NAMED_UNIT(*) PLANE_ANGLE_UNIT() SI_UNIT($,.RADIAN.) );
#1092 = ( NAMED_UNIT(*) SI_UNIT($,.STERADIAN.) SOLID_ANGLE_UNIT() );
#1093 = UNCERTAINTY_MEASURE_WITH_UNIT(LENGTH_MEASURE(1.E-07),#1090,
  'distance_accuracy_value','confusion accuracy');
#1094 = CONTEXT_DEPENDENT_SHAPE_REPRESENTATION(#1095,#1097);
#1095 = ( REPRESENTATION_RELATIONSHIP('','',#868,#10) 
REPRESENTATION_RELATIONSHIP_WITH_TRANSFORMATION(#1096) 
SHAPE_REPRESENTATION_RELATIONSHIP() );
#1096 = ITEM_DEFINED_TRANSFORMATION('','',#11,#31);
#1097 = PRODUCT_DEFINITION_SHAPE('Placement','Placement of an item',
  #1098);
#1098 = NEXT_ASSEMBLY_USAGE_OCCURRENCE('7349','Pad_7_1','',#5,#863,$);
#1099 = PRODUCT_RELATED_PRODUCT_CATEGORY('part',$,(#865));
#1100 = SHAPE_DEFINITION_REPRESENTATION(#1101,#1107);
#1101 = PRODUCT_DEFINITION_SHAPE('','',#1102);
#1102 = PRODUCT_DEFINITION('design','',#1103,#1106);
#1103 = PRODUCT_DEFINITION_FORMATION('','',#1104);
#1104 = PRODUCT('Pad_8_1','Pad_8_1','',(#1105));
#1105 = PRODUCT_CONTEXT('',#2,'mechanical');
#1106 = PRODUCT_DEFINITION_CONTEXT('part definition',#2,'design');
#1107 = ADVANCED_BREP_SHAPE_REPRESENTATION('',(#11,#1108),#1328);
#1108 = MANIFOLD_SOLID_BREP('',#1109);
#1109 = CLOSED_SHELL('',(#1110,#1150,#1199,#1224,#1249,#1282,#1299,#1316
    ));
#1110 = ADVANCED_FACE('',(#1111),#1145,.T.);
#1111 = FACE_BOUND('',#1112,.T.);
#1112 = EDGE_LOOP('',(#1113,#1123,#1131,#1139));
#1113 = ORIENTED_EDGE('',*,*,#1114,.F.);
#1114 = EDGE_CURVE('',#1115,#1117,#1119,.T.);
#1115 = VERTEX_POINT('',#1116);
#1116 = CARTESIAN_POINT('',(0.7527274,5.E-02,1.015));
#1117 = VERTEX_POINT('',#1118);
#1118 = CARTESIAN_POINT('',(0.7472726,5.E-02,1.015));
#1119 = LINE('',#1120,#1121);
#1120 = CARTESIAN_POINT('',(0.88,5.E-02,1.015));
#1121 = VECTOR('',#1122,1.);
#1122 = DIRECTION('',(-1.,0.,0.));
#1123 = ORIENTED_EDGE('',*,*,#1124,.T.);
#1124 = EDGE_CURVE('',#1115,#1125,#1127,.T.);
#1125 = VERTEX_POINT('',#1126);
#1126 = CARTESIAN_POINT('',(0.7527274,0.,1.015));
#1127 = LINE('',#1128,#1129);
#1128 = CARTESIAN_POINT('',(0.7527274,5.E-02,1.015));
#1129 = VECTOR('',#1130,1.);
#1130 = DIRECTION('',(0.,-1.,0.));
#1131 = ORIENTED_EDGE('',*,*,#1132,.T.);
#1132 = EDGE_CURVE('',#1125,#1133,#1135,.T.);
#1133 = VERTEX_POINT('',#1134);
#1134 = CARTESIAN_POINT('',(0.7472726,0.,1.015));
#1135 = LINE('',#1136,#1137);
#1136 = CARTESIAN_POINT('',(0.88,0.,1.015));
#1137 = VECTOR('',#1138,1.);
#1138 = DIRECTION('',(-1.,0.,0.));
#1139 = ORIENTED_EDGE('',*,*,#1140,.F.);
#1140 = EDGE_CURVE('',#1117,#1133,#1141,.T.);
#1141 = LINE('',#1142,#1143);
#1142 = CARTESIAN_POINT('',(0.7472726,5.E-02,1.015));
#1143 = VECTOR('',#1144,1.);
#1144 = DIRECTION('',(0.,-1.,0.));
#1145 = PLANE('',#1146);
#1146 = AXIS2_PLACEMENT_3D('',#1147,#1148,#1149);
#1147 = CARTESIAN_POINT('',(0.88,5.E-02,1.015));
#1148 = DIRECTION('',(-0.,-0.,-1.));
#1149 = DIRECTION('',(-1.,0.,0.));
#1150 = ADVANCED_FACE('',(#1151),#1194,.T.);
#1151 = FACE_BOUND('',#1152,.T.);
#1152 = EDGE_LOOP('',(#1153,#1154,#1163,#1171,#1179,#1187));
#1153 = ORIENTED_EDGE('',*,*,#1114,.T.);
#1154 = ORIENTED_EDGE('',*,*,#1155,.T.);
#1155 = EDGE_CURVE('',#1117,#1156,#1158,.T.);
#1156 = VERTEX_POINT('',#1157);
#1157 = CARTESIAN_POINT('',(0.62,5.E-02,1.1422726));
#1158 = CIRCLE('',#1159,0.1272726);
#1159 = AXIS2_PLACEMENT_3D('',#1160,#1161,#1162);
#1160 = CARTESIAN_POINT('',(0.7472726,5.E-02,1.1422726));
#1161 = DIRECTION('',(-0.,1.,0.));
#1162 = DIRECTION('',(0.,0.,-1.));
#1163 = ORIENTED_EDGE('',*,*,#1164,.T.);
#1164 = EDGE_CURVE('',#1156,#1165,#1167,.T.);
#1165 = VERTEX_POINT('',#1166);
#1166 = CARTESIAN_POINT('',(0.62,5.E-02,1.5));
#1167 = LINE('',#1168,#1169);
#1168 = CARTESIAN_POINT('',(0.62,5.E-02,1.015));
#1169 = VECTOR('',#1170,1.);
#1170 = DIRECTION('',(0.,0.,1.));
#1171 = ORIENTED_EDGE('',*,*,#1172,.T.);
#1172 = EDGE_CURVE('',#1165,#1173,#1175,.T.);
#1173 = VERTEX_POINT('',#1174);
#1174 = CARTESIAN_POINT('',(0.88,5.E-02,1.5));
#1175 = LINE('',#1176,#1177);
#1176 = CARTESIAN_POINT('',(-1.5,5.E-02,1.5));
#1177 = VECTOR('',#1178,1.);
#1178 = DIRECTION('',(1.,0.,0.));
#1179 = ORIENTED_EDGE('',*,*,#1180,.T.);
#1180 = EDGE_CURVE('',#1173,#1181,#1183,.T.);
#1181 = VERTEX_POINT('',#1182);
#1182 = CARTESIAN_POINT('',(0.88,5.E-02,1.1422726));
#1183 = LINE('',#1184,#1185);
#1184 = CARTESIAN_POINT('',(0.88,5.E-02,1.855));
#1185 = VECTOR('',#1186,1.);
#1186 = DIRECTION('',(0.,0.,-1.));
#1187 = ORIENTED_EDGE('',*,*,#1188,.F.);
#1188 = EDGE_CURVE('',#1115,#1181,#1189,.T.);
#1189 = CIRCLE('',#1190,0.1272726);
#1190 = AXIS2_PLACEMENT_3D('',#1191,#1192,#1193);
#1191 = CARTESIAN_POINT('',(0.7527274,5.E-02,1.1422726));
#1192 = DIRECTION('',(0.,-1.,0.));
#1193 = DIRECTION('',(0.,-0.,-1.));
#1194 = PLANE('',#1195);
#1195 = AXIS2_PLACEMENT_3D('',#1196,#1197,#1198);
#1196 = CARTESIAN_POINT('',(0.75,5.E-02,1.435));
#1197 = DIRECTION('',(0.,1.,0.));
#1198 = DIRECTION('',(0.,0.,1.));
#1199 = ADVANCED_FACE('',(#1200),#1219,.T.);
#1200 = FACE_BOUND('',#1201,.T.);
#1201 = EDGE_LOOP('',(#1202,#1203,#1211,#1218));
#1202 = ORIENTED_EDGE('',*,*,#1188,.T.);
#1203 = ORIENTED_EDGE('',*,*,#1204,.T.);
#1204 = EDGE_CURVE('',#1181,#1205,#1207,.T.);
#1205 = VERTEX_POINT('',#1206);
#1206 = CARTESIAN_POINT('',(0.88,0.,1.1422726));
#1207 = LINE('',#1208,#1209);
#1208 = CARTESIAN_POINT('',(0.88,5.E-02,1.1422726));
#1209 = VECTOR('',#1210,1.);
#1210 = DIRECTION('',(0.,-1.,0.));
#1211 = ORIENTED_EDGE('',*,*,#1212,.F.);
#1212 = EDGE_CURVE('',#1125,#1205,#1213,.T.);
#1213 = CIRCLE('',#1214,0.1272726);
#1214 = AXIS2_PLACEMENT_3D('',#1215,#1216,#1217);
#1215 = CARTESIAN_POINT('',(0.7527274,0.,1.1422726));
#1216 = DIRECTION('',(0.,-1.,0.));
#1217 = DIRECTION('',(0.,-0.,-1.));
#1218 = ORIENTED_EDGE('',*,*,#1124,.F.);
#1219 = CYLINDRICAL_SURFACE('',#1220,0.1272726);
#1220 = AXIS2_PLACEMENT_3D('',#1221,#1222,#1223);
#1221 = CARTESIAN_POINT('',(0.7527274,5.E-02,1.1422726));
#1222 = DIRECTION('',(0.,-1.,0.));
#1223 = DIRECTION('',(0.,0.,-1.));
#1224 = ADVANCED_FACE('',(#1225),#1244,.T.);
#1225 = FACE_BOUND('',#1226,.F.);
#1226 = EDGE_LOOP('',(#1227,#1228,#1236,#1243));
#1227 = ORIENTED_EDGE('',*,*,#1155,.T.);
#1228 = ORIENTED_EDGE('',*,*,#1229,.T.);
#1229 = EDGE_CURVE('',#1156,#1230,#1232,.T.);
#1230 = VERTEX_POINT('',#1231);
#1231 = CARTESIAN_POINT('',(0.62,0.,1.1422726));
#1232 = LINE('',#1233,#1234);
#1233 = CARTESIAN_POINT('',(0.62,5.E-02,1.1422726));
#1234 = VECTOR('',#1235,1.);
#1235 = DIRECTION('',(0.,-1.,0.));
#1236 = ORIENTED_EDGE('',*,*,#1237,.F.);
#1237 = EDGE_CURVE('',#1133,#1230,#1238,.T.);
#1238 = CIRCLE('',#1239,0.1272726);
#1239 = AXIS2_PLACEMENT_3D('',#1240,#1241,#1242);
#1240 = CARTESIAN_POINT('',(0.7472726,0.,1.1422726));
#1241 = DIRECTION('',(-0.,1.,0.));
#1242 = DIRECTION('',(0.,0.,-1.));
#1243 = ORIENTED_EDGE('',*,*,#1140,.F.);
#1244 = CYLINDRICAL_SURFACE('',#1245,0.1272726);
#1245 = AXIS2_PLACEMENT_3D('',#1246,#1247,#1248);
#1246 = CARTESIAN_POINT('',(0.7472726,5.E-02,1.1422726));
#1247 = DIRECTION('',(0.,-1.,0.));
#1248 = DIRECTION('',(0.,0.,-1.));
#1249 = ADVANCED_FACE('',(#1250),#1277,.F.);
#1250 = FACE_BOUND('',#1251,.F.);
#1251 = EDGE_LOOP('',(#1252,#1253,#1254,#1262,#1270,#1276));
#1252 = ORIENTED_EDGE('',*,*,#1132,.T.);
#1253 = ORIENTED_EDGE('',*,*,#1237,.T.);
#1254 = ORIENTED_EDGE('',*,*,#1255,.T.);
#1255 = EDGE_CURVE('',#1230,#1256,#1258,.T.);
#1256 = VERTEX_POINT('',#1257);
#1257 = CARTESIAN_POINT('',(0.62,0.,1.5));
#1258 = LINE('',#1259,#1260);
#1259 = CARTESIAN_POINT('',(0.62,0.,1.015));
#1260 = VECTOR('',#1261,1.);
#1261 = DIRECTION('',(0.,0.,1.));
#1262 = ORIENTED_EDGE('',*,*,#1263,.T.);
#1263 = EDGE_CURVE('',#1256,#1264,#1266,.T.);
#1264 = VERTEX_POINT('',#1265);
#1265 = CARTESIAN_POINT('',(0.88,0.,1.5));
#1266 = LINE('',#1267,#1268);
#1267 = CARTESIAN_POINT('',(-1.5,0.,1.5));
#1268 = VECTOR('',#1269,1.);
#1269 = DIRECTION('',(1.,0.,0.));
#1270 = ORIENTED_EDGE('',*,*,#1271,.T.);
#1271 = EDGE_CURVE('',#1264,#1205,#1272,.T.);
#1272 = LINE('',#1273,#1274);
#1273 = CARTESIAN_POINT('',(0.88,0.,1.855));
#1274 = VECTOR('',#1275,1.);
#1275 = DIRECTION('',(0.,0.,-1.));
#1276 = ORIENTED_EDGE('',*,*,#1212,.F.);
#1277 = PLANE('',#1278);
#1278 = AXIS2_PLACEMENT_3D('',#1279,#1280,#1281);
#1279 = CARTESIAN_POINT('',(0.75,0.,1.435));
#1280 = DIRECTION('',(0.,1.,0.));
#1281 = DIRECTION('',(0.,0.,1.));
#1282 = ADVANCED_FACE('',(#1283),#1294,.T.);
#1283 = FACE_BOUND('',#1284,.T.);
#1284 = EDGE_LOOP('',(#1285,#1286,#1292,#1293));
#1285 = ORIENTED_EDGE('',*,*,#1180,.F.);
#1286 = ORIENTED_EDGE('',*,*,#1287,.T.);
#1287 = EDGE_CURVE('',#1173,#1264,#1288,.T.);
#1288 = LINE('',#1289,#1290);
#1289 = CARTESIAN_POINT('',(0.88,5.E-02,1.5));
#1290 = VECTOR('',#1291,1.);
#1291 = DIRECTION('',(0.,-1.,0.));
#1292 = ORIENTED_EDGE('',*,*,#1271,.T.);
#1293 = ORIENTED_EDGE('',*,*,#1204,.F.);
#1294 = PLANE('',#1295);
#1295 = AXIS2_PLACEMENT_3D('',#1296,#1297,#1298);
#1296 = CARTESIAN_POINT('',(0.88,5.E-02,1.5));
#1297 = DIRECTION('',(1.,0.,0.));
#1298 = DIRECTION('',(0.,0.,-1.));
#1299 = ADVANCED_FACE('',(#1300),#1311,.T.);
#1300 = FACE_BOUND('',#1301,.T.);
#1301 = EDGE_LOOP('',(#1302,#1303,#1304,#1305));
#1302 = ORIENTED_EDGE('',*,*,#1164,.F.);
#1303 = ORIENTED_EDGE('',*,*,#1229,.T.);
#1304 = ORIENTED_EDGE('',*,*,#1255,.T.);
#1305 = ORIENTED_EDGE('',*,*,#1306,.F.);
#1306 = EDGE_CURVE('',#1165,#1256,#1307,.T.);
#1307 = LINE('',#1308,#1309);
#1308 = CARTESIAN_POINT('',(0.62,5.E-02,1.5));
#1309 = VECTOR('',#1310,1.);
#1310 = DIRECTION('',(0.,-1.,0.));
#1311 = PLANE('',#1312);
#1312 = AXIS2_PLACEMENT_3D('',#1313,#1314,#1315);
#1313 = CARTESIAN_POINT('',(0.62,5.E-02,1.015));
#1314 = DIRECTION('',(-1.,0.,0.));
#1315 = DIRECTION('',(0.,0.,1.));
#1316 = ADVANCED_FACE('',(#1317),#1323,.T.);
#1317 = FACE_BOUND('',#1318,.T.);
#1318 = EDGE_LOOP('',(#1319,#1320,#1321,#1322));
#1319 = ORIENTED_EDGE('',*,*,#1306,.T.);
#1320 = ORIENTED_EDGE('',*,*,#1263,.T.);
#1321 = ORIENTED_EDGE('',*,*,#1287,.F.);
#1322 = ORIENTED_EDGE('',*,*,#1172,.F.);
#1323 = PLANE('',#1324);
#1324 = AXIS2_PLACEMENT_3D('',#1325,#1326,#1327);
#1325 = CARTESIAN_POINT('',(0.62,5.E-02,1.5));
#1326 = DIRECTION('',(0.,0.,1.));
#1327 = DIRECTION('',(1.,0.,0.));
#1328 = ( GEOMETRIC_REPRESENTATION_CONTEXT(3) 
GLOBAL_UNCERTAINTY_ASSIGNED_CONTEXT((#1332)) 
GLOBAL_UNIT_ASSIGNED_CONTEXT((#1329,#1330,#1331)) REPRESENTATION_CONTEXT
('Context #1','3D Context with UNIT and UNCERTAINTY') );
#1329 = ( LENGTH_UNIT() NAMED_UNIT(*) SI_UNIT(.MILLI.,.METRE.) );
#1330 = ( NAMED_UNIT(*) PLANE_ANGLE_UNIT() SI_UNIT($,.RADIAN.) );
#1331 = ( NAMED_UNIT(*) SI_UNIT($,.STERADIAN.) SOLID_ANGLE_UNIT() );
#1332 = UNCERTAINTY_MEASURE_WITH_UNIT(LENGTH_MEASURE(1.E-07),#1329,
  'distance_accuracy_value','confusion accuracy');
#1333 = CONTEXT_DEPENDENT_SHAPE_REPRESENTATION(#1334,#1336);
#1334 = ( REPRESENTATION_RELATIONSHIP('','',#1107,#10) 
REPRESENTATION_RELATIONSHIP_WITH_TRANSFORMATION(#1335) 
SHAPE_REPRESENTATION_RELATIONSHIP() );
#1335 = ITEM_DEFINED_TRANSFORMATION('','',#11,#35);
#1336 = PRODUCT_DEFINITION_SHAPE('Placement','Placement of an item',
  #1337);
#1337 = NEXT_ASSEMBLY_USAGE_OCCURRENCE('7350','Pad_8_1','',#5,#1102,$);
#1338 = PRODUCT_RELATED_PRODUCT_CATEGORY('part',$,(#1104));
#1339 = SHAPE_DEFINITION_REPRESENTATION(#1340,#1346);
#1340 = PRODUCT_DEFINITION_SHAPE('','',#1341);
#1341 = PRODUCT_DEFINITION('design','',#1342,#1345);
#1342 = PRODUCT_DEFINITION_FORMATION('','',#1343);
#1343 = PRODUCT('Pad_13_1','Pad_13_1','',(#1344));
#1344 = PRODUCT_CONTEXT('',#2,'mechanical');
#1345 = PRODUCT_DEFINITION_CONTEXT('part definition',#2,'design');
#1346 = ADVANCED_BREP_SHAPE_REPRESENTATION('',(#11,#1347),#1567);
#1347 = MANIFOLD_SOLID_BREP('',#1348);
#1348 = CLOSED_SHELL('',(#1349,#1389,#1438,#1463,#1487,#1521,#1538,#1555
    ));
#1349 = ADVANCED_FACE('',(#1350),#1384,.T.);
#1350 = FACE_BOUND('',#1351,.T.);
#1351 = EDGE_LOOP('',(#1352,#1362,#1370,#1378));
#1352 = ORIENTED_EDGE('',*,*,#1353,.F.);
#1353 = EDGE_CURVE('',#1354,#1356,#1358,.T.);
#1354 = VERTEX_POINT('',#1355);
#1355 = CARTESIAN_POINT('',(0.88,5.E-02,-1.1422726));
#1356 = VERTEX_POINT('',#1357);
#1357 = CARTESIAN_POINT('',(0.88,5.E-02,-1.5));
#1358 = LINE('',#1359,#1360);
#1359 = CARTESIAN_POINT('',(0.88,5.E-02,-1.015));
#1360 = VECTOR('',#1361,1.);
#1361 = DIRECTION('',(0.,0.,-1.));
#1362 = ORIENTED_EDGE('',*,*,#1363,.T.);
#1363 = EDGE_CURVE('',#1354,#1364,#1366,.T.);
#1364 = VERTEX_POINT('',#1365);
#1365 = CARTESIAN_POINT('',(0.88,0.,-1.1422726));
#1366 = LINE('',#1367,#1368);
#1367 = CARTESIAN_POINT('',(0.88,5.E-02,-1.1422726));
#1368 = VECTOR('',#1369,1.);
#1369 = DIRECTION('',(0.,-1.,0.));
#1370 = ORIENTED_EDGE('',*,*,#1371,.T.);
#1371 = EDGE_CURVE('',#1364,#1372,#1374,.T.);
#1372 = VERTEX_POINT('',#1373);
#1373 = CARTESIAN_POINT('',(0.88,0.,-1.5));
#1374 = LINE('',#1375,#1376);
#1375 = CARTESIAN_POINT('',(0.88,0.,-1.015));
#1376 = VECTOR('',#1377,1.);
#1377 = DIRECTION('',(0.,0.,-1.));
#1378 = ORIENTED_EDGE('',*,*,#1379,.F.);
#1379 = EDGE_CURVE('',#1356,#1372,#1380,.T.);
#1380 = LINE('',#1381,#1382);
#1381 = CARTESIAN_POINT('',(0.88,5.E-02,-1.5));
#1382 = VECTOR('',#1383,1.);
#1383 = DIRECTION('',(0.,-1.,0.));
#1384 = PLANE('',#1385);
#1385 = AXIS2_PLACEMENT_3D('',#1386,#1387,#1388);
#1386 = CARTESIAN_POINT('',(0.88,5.E-02,-1.015));
#1387 = DIRECTION('',(1.,0.,0.));
#1388 = DIRECTION('',(0.,0.,-1.));
#1389 = ADVANCED_FACE('',(#1390),#1433,.T.);
#1390 = FACE_BOUND('',#1391,.T.);
#1391 = EDGE_LOOP('',(#1392,#1393,#1401,#1409,#1418,#1426));
#1392 = ORIENTED_EDGE('',*,*,#1353,.T.);
#1393 = ORIENTED_EDGE('',*,*,#1394,.T.);
#1394 = EDGE_CURVE('',#1356,#1395,#1397,.T.);
#1395 = VERTEX_POINT('',#1396);
#1396 = CARTESIAN_POINT('',(0.62,5.E-02,-1.5));
#1397 = LINE('',#1398,#1399);
#1398 = CARTESIAN_POINT('',(1.5,5.E-02,-1.5));
#1399 = VECTOR('',#1400,1.);
#1400 = DIRECTION('',(-1.,0.,0.));
#1401 = ORIENTED_EDGE('',*,*,#1402,.T.);
#1402 = EDGE_CURVE('',#1395,#1403,#1405,.T.);
#1403 = VERTEX_POINT('',#1404);
#1404 = CARTESIAN_POINT('',(0.62,5.E-02,-1.1422726));
#1405 = LINE('',#1406,#1407);
#1406 = CARTESIAN_POINT('',(0.62,5.E-02,-1.855));
#1407 = VECTOR('',#1408,1.);
#1408 = DIRECTION('',(0.,0.,1.));
#1409 = ORIENTED_EDGE('',*,*,#1410,.F.);
#1410 = EDGE_CURVE('',#1411,#1403,#1413,.T.);
#1411 = VERTEX_POINT('',#1412);
#1412 = CARTESIAN_POINT('',(0.7472726,5.E-02,-1.015));
#1413 = CIRCLE('',#1414,0.1272726);
#1414 = AXIS2_PLACEMENT_3D('',#1415,#1416,#1417);
#1415 = CARTESIAN_POINT('',(0.7472726,5.E-02,-1.1422726));
#1416 = DIRECTION('',(0.,-1.,0.));
#1417 = DIRECTION('',(0.,-0.,-1.));
#1418 = ORIENTED_EDGE('',*,*,#1419,.T.);
#1419 = EDGE_CURVE('',#1411,#1420,#1422,.T.);
#1420 = VERTEX_POINT('',#1421);
#1421 = CARTESIAN_POINT('',(0.7527274,5.E-02,-1.015));
#1422 = LINE('',#1423,#1424);
#1423 = CARTESIAN_POINT('',(0.62,5.E-02,-1.015));
#1424 = VECTOR('',#1425,1.);
#1425 = DIRECTION('',(1.,0.,0.));
#1426 = ORIENTED_EDGE('',*,*,#1427,.F.);
#1427 = EDGE_CURVE('',#1354,#1420,#1428,.T.);
#1428 = CIRCLE('',#1429,0.1272726);
#1429 = AXIS2_PLACEMENT_3D('',#1430,#1431,#1432);
#1430 = CARTESIAN_POINT('',(0.7527274,5.E-02,-1.1422726));
#1431 = DIRECTION('',(0.,-1.,0.));
#1432 = DIRECTION('',(0.,-0.,-1.));
#1433 = PLANE('',#1434);
#1434 = AXIS2_PLACEMENT_3D('',#1435,#1436,#1437);
#1435 = CARTESIAN_POINT('',(0.75,5.E-02,-1.435));
#1436 = DIRECTION('',(0.,1.,0.));
#1437 = DIRECTION('',(0.,0.,1.));
#1438 = ADVANCED_FACE('',(#1439),#1458,.T.);
#1439 = FACE_BOUND('',#1440,.T.);
#1440 = EDGE_LOOP('',(#1441,#1442,#1450,#1457));
#1441 = ORIENTED_EDGE('',*,*,#1427,.T.);
#1442 = ORIENTED_EDGE('',*,*,#1443,.T.);
#1443 = EDGE_CURVE('',#1420,#1444,#1446,.T.);
#1444 = VERTEX_POINT('',#1445);
#1445 = CARTESIAN_POINT('',(0.7527274,0.,-1.015));
#1446 = LINE('',#1447,#1448);
#1447 = CARTESIAN_POINT('',(0.7527274,5.E-02,-1.015));
#1448 = VECTOR('',#1449,1.);
#1449 = DIRECTION('',(0.,-1.,0.));
#1450 = ORIENTED_EDGE('',*,*,#1451,.F.);
#1451 = EDGE_CURVE('',#1364,#1444,#1452,.T.);
#1452 = CIRCLE('',#1453,0.1272726);
#1453 = AXIS2_PLACEMENT_3D('',#1454,#1455,#1456);
#1454 = CARTESIAN_POINT('',(0.7527274,0.,-1.1422726));
#1455 = DIRECTION('',(0.,-1.,0.));
#1456 = DIRECTION('',(0.,-0.,-1.));
#1457 = ORIENTED_EDGE('',*,*,#1363,.F.);
#1458 = CYLINDRICAL_SURFACE('',#1459,0.1272726);
#1459 = AXIS2_PLACEMENT_3D('',#1460,#1461,#1462);
#1460 = CARTESIAN_POINT('',(0.7527274,5.E-02,-1.1422726));
#1461 = DIRECTION('',(0.,-1.,0.));
#1462 = DIRECTION('',(1.,0.,0.));
#1463 = ADVANCED_FACE('',(#1464),#1482,.T.);
#1464 = FACE_BOUND('',#1465,.T.);
#1465 = EDGE_LOOP('',(#1466,#1467,#1475,#1481));
#1466 = ORIENTED_EDGE('',*,*,#1379,.T.);
#1467 = ORIENTED_EDGE('',*,*,#1468,.T.);
#1468 = EDGE_CURVE('',#1372,#1469,#1471,.T.);
#1469 = VERTEX_POINT('',#1470);
#1470 = CARTESIAN_POINT('',(0.62,0.,-1.5));
#1471 = LINE('',#1472,#1473);
#1472 = CARTESIAN_POINT('',(1.5,0.,-1.5));
#1473 = VECTOR('',#1474,1.);
#1474 = DIRECTION('',(-1.,0.,0.));
#1475 = ORIENTED_EDGE('',*,*,#1476,.F.);
#1476 = EDGE_CURVE('',#1395,#1469,#1477,.T.);
#1477 = LINE('',#1478,#1479);
#1478 = CARTESIAN_POINT('',(0.62,5.E-02,-1.5));
#1479 = VECTOR('',#1480,1.);
#1480 = DIRECTION('',(0.,-1.,0.));
#1481 = ORIENTED_EDGE('',*,*,#1394,.F.);
#1482 = PLANE('',#1483);
#1483 = AXIS2_PLACEMENT_3D('',#1484,#1485,#1486);
#1484 = CARTESIAN_POINT('',(0.88,5.E-02,-1.5));
#1485 = DIRECTION('',(-0.,-0.,-1.));
#1486 = DIRECTION('',(-1.,0.,0.));
#1487 = ADVANCED_FACE('',(#1488),#1516,.F.);
#1488 = FACE_BOUND('',#1489,.F.);
#1489 = EDGE_LOOP('',(#1490,#1491,#1492,#1500,#1509,#1515));
#1490 = ORIENTED_EDGE('',*,*,#1371,.T.);
#1491 = ORIENTED_EDGE('',*,*,#1468,.T.);
#1492 = ORIENTED_EDGE('',*,*,#1493,.T.);
#1493 = EDGE_CURVE('',#1469,#1494,#1496,.T.);
#1494 = VERTEX_POINT('',#1495);
#1495 = CARTESIAN_POINT('',(0.62,0.,-1.1422726));
#1496 = LINE('',#1497,#1498);
#1497 = CARTESIAN_POINT('',(0.62,0.,-1.855));
#1498 = VECTOR('',#1499,1.);
#1499 = DIRECTION('',(0.,0.,1.));
#1500 = ORIENTED_EDGE('',*,*,#1501,.F.);
#1501 = EDGE_CURVE('',#1502,#1494,#1504,.T.);
#1502 = VERTEX_POINT('',#1503);
#1503 = CARTESIAN_POINT('',(0.7472726,0.,-1.015));
#1504 = CIRCLE('',#1505,0.1272726);
#1505 = AXIS2_PLACEMENT_3D('',#1506,#1507,#1508);
#1506 = CARTESIAN_POINT('',(0.7472726,0.,-1.1422726));
#1507 = DIRECTION('',(0.,-1.,0.));
#1508 = DIRECTION('',(0.,-0.,-1.));
#1509 = ORIENTED_EDGE('',*,*,#1510,.T.);
#1510 = EDGE_CURVE('',#1502,#1444,#1511,.T.);
#1511 = LINE('',#1512,#1513);
#1512 = CARTESIAN_POINT('',(0.62,0.,-1.015));
#1513 = VECTOR('',#1514,1.);
#1514 = DIRECTION('',(1.,0.,0.));
#1515 = ORIENTED_EDGE('',*,*,#1451,.F.);
#1516 = PLANE('',#1517);
#1517 = AXIS2_PLACEMENT_3D('',#1518,#1519,#1520);
#1518 = CARTESIAN_POINT('',(0.75,0.,-1.435));
#1519 = DIRECTION('',(0.,1.,0.));
#1520 = DIRECTION('',(0.,0.,1.));
#1521 = ADVANCED_FACE('',(#1522),#1533,.T.);
#1522 = FACE_BOUND('',#1523,.T.);
#1523 = EDGE_LOOP('',(#1524,#1525,#1531,#1532));
#1524 = ORIENTED_EDGE('',*,*,#1419,.F.);
#1525 = ORIENTED_EDGE('',*,*,#1526,.T.);
#1526 = EDGE_CURVE('',#1411,#1502,#1527,.T.);
#1527 = LINE('',#1528,#1529);
#1528 = CARTESIAN_POINT('',(0.7472726,5.E-02,-1.015));
#1529 = VECTOR('',#1530,1.);
#1530 = DIRECTION('',(0.,-1.,0.));
#1531 = ORIENTED_EDGE('',*,*,#1510,.T.);
#1532 = ORIENTED_EDGE('',*,*,#1443,.F.);
#1533 = PLANE('',#1534);
#1534 = AXIS2_PLACEMENT_3D('',#1535,#1536,#1537);
#1535 = CARTESIAN_POINT('',(0.62,5.E-02,-1.015));
#1536 = DIRECTION('',(0.,0.,1.));
#1537 = DIRECTION('',(1.,0.,0.));
#1538 = ADVANCED_FACE('',(#1539),#1550,.T.);
#1539 = FACE_BOUND('',#1540,.T.);
#1540 = EDGE_LOOP('',(#1541,#1542,#1543,#1544));
#1541 = ORIENTED_EDGE('',*,*,#1402,.F.);
#1542 = ORIENTED_EDGE('',*,*,#1476,.T.);
#1543 = ORIENTED_EDGE('',*,*,#1493,.T.);
#1544 = ORIENTED_EDGE('',*,*,#1545,.F.);
#1545 = EDGE_CURVE('',#1403,#1494,#1546,.T.);
#1546 = LINE('',#1547,#1548);
#1547 = CARTESIAN_POINT('',(0.62,5.E-02,-1.1422726));
#1548 = VECTOR('',#1549,1.);
#1549 = DIRECTION('',(0.,-1.,0.));
#1550 = PLANE('',#1551);
#1551 = AXIS2_PLACEMENT_3D('',#1552,#1553,#1554);
#1552 = CARTESIAN_POINT('',(0.62,5.E-02,-1.5));
#1553 = DIRECTION('',(-1.,0.,0.));
#1554 = DIRECTION('',(0.,0.,1.));
#1555 = ADVANCED_FACE('',(#1556),#1562,.T.);
#1556 = FACE_BOUND('',#1557,.T.);
#1557 = EDGE_LOOP('',(#1558,#1559,#1560,#1561));
#1558 = ORIENTED_EDGE('',*,*,#1410,.T.);
#1559 = ORIENTED_EDGE('',*,*,#1545,.T.);
#1560 = ORIENTED_EDGE('',*,*,#1501,.F.);
#1561 = ORIENTED_EDGE('',*,*,#1526,.F.);
#1562 = CYLINDRICAL_SURFACE('',#1563,0.1272726);
#1563 = AXIS2_PLACEMENT_3D('',#1564,#1565,#1566);
#1564 = CARTESIAN_POINT('',(0.7472726,5.E-02,-1.1422726));
#1565 = DIRECTION('',(0.,-1.,0.));
#1566 = DIRECTION('',(0.,0.,1.));
#1567 = ( GEOMETRIC_REPRESENTATION_CONTEXT(3) 
GLOBAL_UNCERTAINTY_ASSIGNED_CONTEXT((#1571)) 
GLOBAL_UNIT_ASSIGNED_CONTEXT((#1568,#1569,#1570)) REPRESENTATION_CONTEXT
('Context #1','3D Context with UNIT and UNCERTAINTY') );
#1568 = ( LENGTH_UNIT() NAMED_UNIT(*) SI_UNIT(.MILLI.,.METRE.) );
#1569 = ( NAMED_UNIT(*) PLANE_ANGLE_UNIT() SI_UNIT($,.RADIAN.) );
#1570 = ( NAMED_UNIT(*) SI_UNIT($,.STERADIAN.) SOLID_ANGLE_UNIT() );
#1571 = UNCERTAINTY_MEASURE_WITH_UNIT(LENGTH_MEASURE(1.E-07),#1568,
  'distance_accuracy_value','confusion accuracy');
#1572 = CONTEXT_DEPENDENT_SHAPE_REPRESENTATION(#1573,#1575);
#1573 = ( REPRESENTATION_RELATIONSHIP('','',#1346,#10) 
REPRESENTATION_RELATIONSHIP_WITH_TRANSFORMATION(#1574) 
SHAPE_REPRESENTATION_RELATIONSHIP() );
#1574 = ITEM_DEFINED_TRANSFORMATION('','',#11,#39);
#1575 = PRODUCT_DEFINITION_SHAPE('Placement','Placement of an item',
  #1576);
#1576 = NEXT_ASSEMBLY_USAGE_OCCURRENCE('7351','Pad_13_1','',#5,#1341,$);
#1577 = PRODUCT_RELATED_PRODUCT_CATEGORY('part',$,(#1343));
#1578 = SHAPE_DEFINITION_REPRESENTATION(#1579,#1585);
#1579 = PRODUCT_DEFINITION_SHAPE('','',#1580);
#1580 = PRODUCT_DEFINITION('design','',#1581,#1584);
#1581 = PRODUCT_DEFINITION_FORMATION('','',#1582);
#1582 = PRODUCT('Pad_14_1','Pad_14_1','',(#1583));
#1583 = PRODUCT_CONTEXT('',#2,'mechanical');
#1584 = PRODUCT_DEFINITION_CONTEXT('part definition',#2,'design');
#1585 = ADVANCED_BREP_SHAPE_REPRESENTATION('',(#11,#1586),#1806);
#1586 = MANIFOLD_SOLID_BREP('',#1587);
#1587 = CLOSED_SHELL('',(#1588,#1628,#1677,#1702,#1726,#1760,#1777,#1794
    ));
#1588 = ADVANCED_FACE('',(#1589),#1623,.T.);
#1589 = FACE_BOUND('',#1590,.T.);
#1590 = EDGE_LOOP('',(#1591,#1601,#1609,#1617));
#1591 = ORIENTED_EDGE('',*,*,#1592,.F.);
#1592 = EDGE_CURVE('',#1593,#1595,#1597,.T.);
#1593 = VERTEX_POINT('',#1594);
#1594 = CARTESIAN_POINT('',(0.38,5.E-02,-1.1422726));
#1595 = VERTEX_POINT('',#1596);
#1596 = CARTESIAN_POINT('',(0.38,5.E-02,-1.5));
#1597 = LINE('',#1598,#1599);
#1598 = CARTESIAN_POINT('',(0.38,5.E-02,-1.015));
#1599 = VECTOR('',#1600,1.);
#1600 = DIRECTION('',(0.,0.,-1.));
#1601 = ORIENTED_EDGE('',*,*,#1602,.T.);
#1602 = EDGE_CURVE('',#1593,#1603,#1605,.T.);
#1603 = VERTEX_POINT('',#1604);
#1604 = CARTESIAN_POINT('',(0.38,0.,-1.1422726));
#1605 = LINE('',#1606,#1607);
#1606 = CARTESIAN_POINT('',(0.38,5.E-02,-1.1422726));
#1607 = VECTOR('',#1608,1.);
#1608 = DIRECTION('',(0.,-1.,0.));
#1609 = ORIENTED_EDGE('',*,*,#1610,.T.);
#1610 = EDGE_CURVE('',#1603,#1611,#1613,.T.);
#1611 = VERTEX_POINT('',#1612);
#1612 = CARTESIAN_POINT('',(0.38,0.,-1.5));
#1613 = LINE('',#1614,#1615);
#1614 = CARTESIAN_POINT('',(0.38,0.,-1.015));
#1615 = VECTOR('',#1616,1.);
#1616 = DIRECTION('',(0.,0.,-1.));
#1617 = ORIENTED_EDGE('',*,*,#1618,.F.);
#1618 = EDGE_CURVE('',#1595,#1611,#1619,.T.);
#1619 = LINE('',#1620,#1621);
#1620 = CARTESIAN_POINT('',(0.38,5.E-02,-1.5));
#1621 = VECTOR('',#1622,1.);
#1622 = DIRECTION('',(0.,-1.,0.));
#1623 = PLANE('',#1624);
#1624 = AXIS2_PLACEMENT_3D('',#1625,#1626,#1627);
#1625 = CARTESIAN_POINT('',(0.38,5.E-02,-1.015));
#1626 = DIRECTION('',(1.,0.,0.));
#1627 = DIRECTION('',(0.,0.,-1.));
#1628 = ADVANCED_FACE('',(#1629),#1672,.T.);
#1629 = FACE_BOUND('',#1630,.T.);
#1630 = EDGE_LOOP('',(#1631,#1632,#1640,#1648,#1657,#1665));
#1631 = ORIENTED_EDGE('',*,*,#1592,.T.);
#1632 = ORIENTED_EDGE('',*,*,#1633,.T.);
#1633 = EDGE_CURVE('',#1595,#1634,#1636,.T.);
#1634 = VERTEX_POINT('',#1635);
#1635 = CARTESIAN_POINT('',(0.12,5.E-02,-1.5));
#1636 = LINE('',#1637,#1638);
#1637 = CARTESIAN_POINT('',(1.5,5.E-02,-1.5));
#1638 = VECTOR('',#1639,1.);
#1639 = DIRECTION('',(-1.,0.,0.));
#1640 = ORIENTED_EDGE('',*,*,#1641,.T.);
#1641 = EDGE_CURVE('',#1634,#1642,#1644,.T.);
#1642 = VERTEX_POINT('',#1643);
#1643 = CARTESIAN_POINT('',(0.12,5.E-02,-1.1422726));
#1644 = LINE('',#1645,#1646);
#1645 = CARTESIAN_POINT('',(0.12,5.E-02,-1.855));
#1646 = VECTOR('',#1647,1.);
#1647 = DIRECTION('',(6.608470384674E-17,0.,1.));
#1648 = ORIENTED_EDGE('',*,*,#1649,.F.);
#1649 = EDGE_CURVE('',#1650,#1642,#1652,.T.);
#1650 = VERTEX_POINT('',#1651);
#1651 = CARTESIAN_POINT('',(0.2472726,5.E-02,-1.015));
#1652 = CIRCLE('',#1653,0.1272726);
#1653 = AXIS2_PLACEMENT_3D('',#1654,#1655,#1656);
#1654 = CARTESIAN_POINT('',(0.2472726,5.E-02,-1.1422726));
#1655 = DIRECTION('',(0.,-1.,0.));
#1656 = DIRECTION('',(0.,-0.,-1.));
#1657 = ORIENTED_EDGE('',*,*,#1658,.T.);
#1658 = EDGE_CURVE('',#1650,#1659,#1661,.T.);
#1659 = VERTEX_POINT('',#1660);
#1660 = CARTESIAN_POINT('',(0.2527274,5.E-02,-1.015));
#1661 = LINE('',#1662,#1663);
#1662 = CARTESIAN_POINT('',(0.12,5.E-02,-1.015));
#1663 = VECTOR('',#1664,1.);
#1664 = DIRECTION('',(1.,0.,0.));
#1665 = ORIENTED_EDGE('',*,*,#1666,.F.);
#1666 = EDGE_CURVE('',#1593,#1659,#1667,.T.);
#1667 = CIRCLE('',#1668,0.1272726);
#1668 = AXIS2_PLACEMENT_3D('',#1669,#1670,#1671);
#1669 = CARTESIAN_POINT('',(0.2527274,5.E-02,-1.1422726));
#1670 = DIRECTION('',(0.,-1.,0.));
#1671 = DIRECTION('',(0.,-0.,-1.));
#1672 = PLANE('',#1673);
#1673 = AXIS2_PLACEMENT_3D('',#1674,#1675,#1676);
#1674 = CARTESIAN_POINT('',(0.25,5.E-02,-1.435));
#1675 = DIRECTION('',(0.,1.,0.));
#1676 = DIRECTION('',(0.,0.,1.));
#1677 = ADVANCED_FACE('',(#1678),#1697,.T.);
#1678 = FACE_BOUND('',#1679,.T.);
#1679 = EDGE_LOOP('',(#1680,#1681,#1689,#1696));
#1680 = ORIENTED_EDGE('',*,*,#1666,.T.);
#1681 = ORIENTED_EDGE('',*,*,#1682,.T.);
#1682 = EDGE_CURVE('',#1659,#1683,#1685,.T.);
#1683 = VERTEX_POINT('',#1684);
#1684 = CARTESIAN_POINT('',(0.2527274,0.,-1.015));
#1685 = LINE('',#1686,#1687);
#1686 = CARTESIAN_POINT('',(0.2527274,5.E-02,-1.015));
#1687 = VECTOR('',#1688,1.);
#1688 = DIRECTION('',(0.,-1.,0.));
#1689 = ORIENTED_EDGE('',*,*,#1690,.F.);
#1690 = EDGE_CURVE('',#1603,#1683,#1691,.T.);
#1691 = CIRCLE('',#1692,0.1272726);
#1692 = AXIS2_PLACEMENT_3D('',#1693,#1694,#1695);
#1693 = CARTESIAN_POINT('',(0.2527274,0.,-1.1422726));
#1694 = DIRECTION('',(0.,-1.,0.));
#1695 = DIRECTION('',(0.,-0.,-1.));
#1696 = ORIENTED_EDGE('',*,*,#1602,.F.);
#1697 = CYLINDRICAL_SURFACE('',#1698,0.1272726);
#1698 = AXIS2_PLACEMENT_3D('',#1699,#1700,#1701);
#1699 = CARTESIAN_POINT('',(0.2527274,5.E-02,-1.1422726));
#1700 = DIRECTION('',(0.,-1.,0.));
#1701 = DIRECTION('',(1.,0.,0.));
#1702 = ADVANCED_FACE('',(#1703),#1721,.T.);
#1703 = FACE_BOUND('',#1704,.T.);
#1704 = EDGE_LOOP('',(#1705,#1706,#1714,#1720));
#1705 = ORIENTED_EDGE('',*,*,#1618,.T.);
#1706 = ORIENTED_EDGE('',*,*,#1707,.T.);
#1707 = EDGE_CURVE('',#1611,#1708,#1710,.T.);
#1708 = VERTEX_POINT('',#1709);
#1709 = CARTESIAN_POINT('',(0.12,0.,-1.5));
#1710 = LINE('',#1711,#1712);
#1711 = CARTESIAN_POINT('',(1.5,0.,-1.5));
#1712 = VECTOR('',#1713,1.);
#1713 = DIRECTION('',(-1.,0.,0.));
#1714 = ORIENTED_EDGE('',*,*,#1715,.F.);
#1715 = EDGE_CURVE('',#1634,#1708,#1716,.T.);
#1716 = LINE('',#1717,#1718);
#1717 = CARTESIAN_POINT('',(0.12,5.E-02,-1.5));
#1718 = VECTOR('',#1719,1.);
#1719 = DIRECTION('',(0.,-1.,0.));
#1720 = ORIENTED_EDGE('',*,*,#1633,.F.);
#1721 = PLANE('',#1722);
#1722 = AXIS2_PLACEMENT_3D('',#1723,#1724,#1725);
#1723 = CARTESIAN_POINT('',(0.38,5.E-02,-1.5));
#1724 = DIRECTION('',(-0.,-0.,-1.));
#1725 = DIRECTION('',(-1.,0.,0.));
#1726 = ADVANCED_FACE('',(#1727),#1755,.F.);
#1727 = FACE_BOUND('',#1728,.F.);
#1728 = EDGE_LOOP('',(#1729,#1730,#1731,#1739,#1748,#1754));
#1729 = ORIENTED_EDGE('',*,*,#1610,.T.);
#1730 = ORIENTED_EDGE('',*,*,#1707,.T.);
#1731 = ORIENTED_EDGE('',*,*,#1732,.T.);
#1732 = EDGE_CURVE('',#1708,#1733,#1735,.T.);
#1733 = VERTEX_POINT('',#1734);
#1734 = CARTESIAN_POINT('',(0.12,0.,-1.1422726));
#1735 = LINE('',#1736,#1737);
#1736 = CARTESIAN_POINT('',(0.12,0.,-1.855));
#1737 = VECTOR('',#1738,1.);
#1738 = DIRECTION('',(6.608470384674E-17,0.,1.));
#1739 = ORIENTED_EDGE('',*,*,#1740,.F.);
#1740 = EDGE_CURVE('',#1741,#1733,#1743,.T.);
#1741 = VERTEX_POINT('',#1742);
#1742 = CARTESIAN_POINT('',(0.2472726,0.,-1.015));
#1743 = CIRCLE('',#1744,0.1272726);
#1744 = AXIS2_PLACEMENT_3D('',#1745,#1746,#1747);
#1745 = CARTESIAN_POINT('',(0.2472726,0.,-1.1422726));
#1746 = DIRECTION('',(0.,-1.,0.));
#1747 = DIRECTION('',(0.,-0.,-1.));
#1748 = ORIENTED_EDGE('',*,*,#1749,.T.);
#1749 = EDGE_CURVE('',#1741,#1683,#1750,.T.);
#1750 = LINE('',#1751,#1752);
#1751 = CARTESIAN_POINT('',(0.12,0.,-1.015));
#1752 = VECTOR('',#1753,1.);
#1753 = DIRECTION('',(1.,0.,0.));
#1754 = ORIENTED_EDGE('',*,*,#1690,.F.);
#1755 = PLANE('',#1756);
#1756 = AXIS2_PLACEMENT_3D('',#1757,#1758,#1759);
#1757 = CARTESIAN_POINT('',(0.25,0.,-1.435));
#1758 = DIRECTION('',(0.,1.,0.));
#1759 = DIRECTION('',(0.,0.,1.));
#1760 = ADVANCED_FACE('',(#1761),#1772,.T.);
#1761 = FACE_BOUND('',#1762,.T.);
#1762 = EDGE_LOOP('',(#1763,#1764,#1770,#1771));
#1763 = ORIENTED_EDGE('',*,*,#1658,.F.);
#1764 = ORIENTED_EDGE('',*,*,#1765,.T.);
#1765 = EDGE_CURVE('',#1650,#1741,#1766,.T.);
#1766 = LINE('',#1767,#1768);
#1767 = CARTESIAN_POINT('',(0.2472726,5.E-02,-1.015));
#1768 = VECTOR('',#1769,1.);
#1769 = DIRECTION('',(0.,-1.,0.));
#1770 = ORIENTED_EDGE('',*,*,#1749,.T.);
#1771 = ORIENTED_EDGE('',*,*,#1682,.F.);
#1772 = PLANE('',#1773);
#1773 = AXIS2_PLACEMENT_3D('',#1774,#1775,#1776);
#1774 = CARTESIAN_POINT('',(0.12,5.E-02,-1.015));
#1775 = DIRECTION('',(0.,0.,1.));
#1776 = DIRECTION('',(1.,0.,0.));
#1777 = ADVANCED_FACE('',(#1778),#1789,.T.);
#1778 = FACE_BOUND('',#1779,.T.);
#1779 = EDGE_LOOP('',(#1780,#1781,#1782,#1783));
#1780 = ORIENTED_EDGE('',*,*,#1641,.F.);
#1781 = ORIENTED_EDGE('',*,*,#1715,.T.);
#1782 = ORIENTED_EDGE('',*,*,#1732,.T.);
#1783 = ORIENTED_EDGE('',*,*,#1784,.F.);
#1784 = EDGE_CURVE('',#1642,#1733,#1785,.T.);
#1785 = LINE('',#1786,#1787);
#1786 = CARTESIAN_POINT('',(0.12,5.E-02,-1.1422726));
#1787 = VECTOR('',#1788,1.);
#1788 = DIRECTION('',(0.,-1.,0.));
#1789 = PLANE('',#1790);
#1790 = AXIS2_PLACEMENT_3D('',#1791,#1792,#1793);
#1791 = CARTESIAN_POINT('',(0.12,5.E-02,-1.5));
#1792 = DIRECTION('',(-1.,0.,6.608470384674E-17));
#1793 = DIRECTION('',(6.608470384674E-17,0.,1.));
#1794 = ADVANCED_FACE('',(#1795),#1801,.T.);
#1795 = FACE_BOUND('',#1796,.T.);
#1796 = EDGE_LOOP('',(#1797,#1798,#1799,#1800));
#1797 = ORIENTED_EDGE('',*,*,#1649,.T.);
#1798 = ORIENTED_EDGE('',*,*,#1784,.T.);
#1799 = ORIENTED_EDGE('',*,*,#1740,.F.);
#1800 = ORIENTED_EDGE('',*,*,#1765,.F.);
#1801 = CYLINDRICAL_SURFACE('',#1802,0.1272726);
#1802 = AXIS2_PLACEMENT_3D('',#1803,#1804,#1805);
#1803 = CARTESIAN_POINT('',(0.2472726,5.E-02,-1.1422726));
#1804 = DIRECTION('',(0.,-1.,0.));
#1805 = DIRECTION('',(0.,0.,1.));
#1806 = ( GEOMETRIC_REPRESENTATION_CONTEXT(3) 
GLOBAL_UNCERTAINTY_ASSIGNED_CONTEXT((#1810)) 
GLOBAL_UNIT_ASSIGNED_CONTEXT((#1807,#1808,#1809)) REPRESENTATION_CONTEXT
('Context #1','3D Context with UNIT and UNCERTAINTY') );
#1807 = ( LENGTH_UNIT() NAMED_UNIT(*) SI_UNIT(.MILLI.,.METRE.) );
#1808 = ( NAMED_UNIT(*) PLANE_ANGLE_UNIT() SI_UNIT($,.RADIAN.) );
#1809 = ( NAMED_UNIT(*) SI_UNIT($,.STERADIAN.) SOLID_ANGLE_UNIT() );
#1810 = UNCERTAINTY_MEASURE_WITH_UNIT(LENGTH_MEASURE(1.E-07),#1807,
  'distance_accuracy_value','confusion accuracy');
#1811 = CONTEXT_DEPENDENT_SHAPE_REPRESENTATION(#1812,#1814);
#1812 = ( REPRESENTATION_RELATIONSHIP('','',#1585,#10) 
REPRESENTATION_RELATIONSHIP_WITH_TRANSFORMATION(#1813) 
SHAPE_REPRESENTATION_RELATIONSHIP() );
#1813 = ITEM_DEFINED_TRANSFORMATION('','',#11,#43);
#1814 = PRODUCT_DEFINITION_SHAPE('Placement','Placement of an item',
  #1815);
#1815 = NEXT_ASSEMBLY_USAGE_OCCURRENCE('7352','Pad_14_1','',#5,#1580,$);
#1816 = PRODUCT_RELATED_PRODUCT_CATEGORY('part',$,(#1582));
#1817 = SHAPE_DEFINITION_REPRESENTATION(#1818,#1824);
#1818 = PRODUCT_DEFINITION_SHAPE('','',#1819);
#1819 = PRODUCT_DEFINITION('design','',#1820,#1823);
#1820 = PRODUCT_DEFINITION_FORMATION('','',#1821);
#1821 = PRODUCT('Pad_15_1','Pad_15_1','',(#1822));
#1822 = PRODUCT_CONTEXT('',#2,'mechanical');
#1823 = PRODUCT_DEFINITION_CONTEXT('part definition',#2,'design');
#1824 = ADVANCED_BREP_SHAPE_REPRESENTATION('',(#11,#1825),#2045);
#1825 = MANIFOLD_SOLID_BREP('',#1826);
#1826 = CLOSED_SHELL('',(#1827,#1867,#1916,#1941,#1965,#1999,#2016,#2033
    ));
#1827 = ADVANCED_FACE('',(#1828),#1862,.T.);
#1828 = FACE_BOUND('',#1829,.T.);
#1829 = EDGE_LOOP('',(#1830,#1840,#1848,#1856));
#1830 = ORIENTED_EDGE('',*,*,#1831,.F.);
#1831 = EDGE_CURVE('',#1832,#1834,#1836,.T.);
#1832 = VERTEX_POINT('',#1833);
#1833 = CARTESIAN_POINT('',(-0.12,5.E-02,-1.1422726));
#1834 = VERTEX_POINT('',#1835);
#1835 = CARTESIAN_POINT('',(-0.12,5.E-02,-1.5));
#1836 = LINE('',#1837,#1838);
#1837 = CARTESIAN_POINT('',(-0.12,5.E-02,-1.015));
#1838 = VECTOR('',#1839,1.);
#1839 = DIRECTION('',(-6.608470384674E-17,0.,-1.));
#1840 = ORIENTED_EDGE('',*,*,#1841,.T.);
#1841 = EDGE_CURVE('',#1832,#1842,#1844,.T.);
#1842 = VERTEX_POINT('',#1843);
#1843 = CARTESIAN_POINT('',(-0.12,0.,-1.1422726));
#1844 = LINE('',#1845,#1846);
#1845 = CARTESIAN_POINT('',(-0.12,5.E-02,-1.1422726));
#1846 = VECTOR('',#1847,1.);
#1847 = DIRECTION('',(0.,-1.,0.));
#1848 = ORIENTED_EDGE('',*,*,#1849,.T.);
#1849 = EDGE_CURVE('',#1842,#1850,#1852,.T.);
#1850 = VERTEX_POINT('',#1851);
#1851 = CARTESIAN_POINT('',(-0.12,0.,-1.5));
#1852 = LINE('',#1853,#1854);
#1853 = CARTESIAN_POINT('',(-0.12,0.,-1.015));
#1854 = VECTOR('',#1855,1.);
#1855 = DIRECTION('',(-6.608470384674E-17,0.,-1.));
#1856 = ORIENTED_EDGE('',*,*,#1857,.F.);
#1857 = EDGE_CURVE('',#1834,#1850,#1858,.T.);
#1858 = LINE('',#1859,#1860);
#1859 = CARTESIAN_POINT('',(-0.12,5.E-02,-1.5));
#1860 = VECTOR('',#1861,1.);
#1861 = DIRECTION('',(0.,-1.,0.));
#1862 = PLANE('',#1863);
#1863 = AXIS2_PLACEMENT_3D('',#1864,#1865,#1866);
#1864 = CARTESIAN_POINT('',(-0.12,5.E-02,-1.015));
#1865 = DIRECTION('',(1.,0.,-6.608470384674E-17));
#1866 = DIRECTION('',(-6.608470384674E-17,0.,-1.));
#1867 = ADVANCED_FACE('',(#1868),#1911,.T.);
#1868 = FACE_BOUND('',#1869,.T.);
#1869 = EDGE_LOOP('',(#1870,#1871,#1879,#1887,#1896,#1904));
#1870 = ORIENTED_EDGE('',*,*,#1831,.T.);
#1871 = ORIENTED_EDGE('',*,*,#1872,.T.);
#1872 = EDGE_CURVE('',#1834,#1873,#1875,.T.);
#1873 = VERTEX_POINT('',#1874);
#1874 = CARTESIAN_POINT('',(-0.38,5.E-02,-1.5));
#1875 = LINE('',#1876,#1877);
#1876 = CARTESIAN_POINT('',(1.5,5.E-02,-1.5));
#1877 = VECTOR('',#1878,1.);
#1878 = DIRECTION('',(-1.,0.,0.));
#1879 = ORIENTED_EDGE('',*,*,#1880,.T.);
#1880 = EDGE_CURVE('',#1873,#1881,#1883,.T.);
#1881 = VERTEX_POINT('',#1882);
#1882 = CARTESIAN_POINT('',(-0.38,5.E-02,-1.1422726));
#1883 = LINE('',#1884,#1885);
#1884 = CARTESIAN_POINT('',(-0.38,5.E-02,-1.855));
#1885 = VECTOR('',#1886,1.);
#1886 = DIRECTION('',(0.,0.,1.));
#1887 = ORIENTED_EDGE('',*,*,#1888,.F.);
#1888 = EDGE_CURVE('',#1889,#1881,#1891,.T.);
#1889 = VERTEX_POINT('',#1890);
#1890 = CARTESIAN_POINT('',(-0.2527274,5.E-02,-1.015));
#1891 = CIRCLE('',#1892,0.1272726);
#1892 = AXIS2_PLACEMENT_3D('',#1893,#1894,#1895);
#1893 = CARTESIAN_POINT('',(-0.2527274,5.E-02,-1.1422726));
#1894 = DIRECTION('',(0.,-1.,0.));
#1895 = DIRECTION('',(0.,-0.,-1.));
#1896 = ORIENTED_EDGE('',*,*,#1897,.T.);
#1897 = EDGE_CURVE('',#1889,#1898,#1900,.T.);
#1898 = VERTEX_POINT('',#1899);
#1899 = CARTESIAN_POINT('',(-0.2472726,5.E-02,-1.015));
#1900 = LINE('',#1901,#1902);
#1901 = CARTESIAN_POINT('',(-0.38,5.E-02,-1.015));
#1902 = VECTOR('',#1903,1.);
#1903 = DIRECTION('',(1.,0.,0.));
#1904 = ORIENTED_EDGE('',*,*,#1905,.F.);
#1905 = EDGE_CURVE('',#1832,#1898,#1906,.T.);
#1906 = CIRCLE('',#1907,0.1272726);
#1907 = AXIS2_PLACEMENT_3D('',#1908,#1909,#1910);
#1908 = CARTESIAN_POINT('',(-0.2472726,5.E-02,-1.1422726));
#1909 = DIRECTION('',(0.,-1.,0.));
#1910 = DIRECTION('',(0.,-0.,-1.));
#1911 = PLANE('',#1912);
#1912 = AXIS2_PLACEMENT_3D('',#1913,#1914,#1915);
#1913 = CARTESIAN_POINT('',(-0.25,5.E-02,-1.435));
#1914 = DIRECTION('',(0.,1.,0.));
#1915 = DIRECTION('',(0.,0.,1.));
#1916 = ADVANCED_FACE('',(#1917),#1936,.T.);
#1917 = FACE_BOUND('',#1918,.T.);
#1918 = EDGE_LOOP('',(#1919,#1920,#1928,#1935));
#1919 = ORIENTED_EDGE('',*,*,#1905,.T.);
#1920 = ORIENTED_EDGE('',*,*,#1921,.T.);
#1921 = EDGE_CURVE('',#1898,#1922,#1924,.T.);
#1922 = VERTEX_POINT('',#1923);
#1923 = CARTESIAN_POINT('',(-0.2472726,0.,-1.015));
#1924 = LINE('',#1925,#1926);
#1925 = CARTESIAN_POINT('',(-0.2472726,5.E-02,-1.015));
#1926 = VECTOR('',#1927,1.);
#1927 = DIRECTION('',(0.,-1.,0.));
#1928 = ORIENTED_EDGE('',*,*,#1929,.F.);
#1929 = EDGE_CURVE('',#1842,#1922,#1930,.T.);
#1930 = CIRCLE('',#1931,0.1272726);
#1931 = AXIS2_PLACEMENT_3D('',#1932,#1933,#1934);
#1932 = CARTESIAN_POINT('',(-0.2472726,0.,-1.1422726));
#1933 = DIRECTION('',(0.,-1.,0.));
#1934 = DIRECTION('',(0.,-0.,-1.));
#1935 = ORIENTED_EDGE('',*,*,#1841,.F.);
#1936 = CYLINDRICAL_SURFACE('',#1937,0.1272726);
#1937 = AXIS2_PLACEMENT_3D('',#1938,#1939,#1940);
#1938 = CARTESIAN_POINT('',(-0.2472726,5.E-02,-1.1422726));
#1939 = DIRECTION('',(0.,-1.,0.));
#1940 = DIRECTION('',(1.,0.,-6.608470384674E-17));
#1941 = ADVANCED_FACE('',(#1942),#1960,.T.);
#1942 = FACE_BOUND('',#1943,.T.);
#1943 = EDGE_LOOP('',(#1944,#1945,#1953,#1959));
#1944 = ORIENTED_EDGE('',*,*,#1857,.T.);
#1945 = ORIENTED_EDGE('',*,*,#1946,.T.);
#1946 = EDGE_CURVE('',#1850,#1947,#1949,.T.);
#1947 = VERTEX_POINT('',#1948);
#1948 = CARTESIAN_POINT('',(-0.38,0.,-1.5));
#1949 = LINE('',#1950,#1951);
#1950 = CARTESIAN_POINT('',(1.5,0.,-1.5));
#1951 = VECTOR('',#1952,1.);
#1952 = DIRECTION('',(-1.,0.,0.));
#1953 = ORIENTED_EDGE('',*,*,#1954,.F.);
#1954 = EDGE_CURVE('',#1873,#1947,#1955,.T.);
#1955 = LINE('',#1956,#1957);
#1956 = CARTESIAN_POINT('',(-0.38,5.E-02,-1.5));
#1957 = VECTOR('',#1958,1.);
#1958 = DIRECTION('',(0.,-1.,0.));
#1959 = ORIENTED_EDGE('',*,*,#1872,.F.);
#1960 = PLANE('',#1961);
#1961 = AXIS2_PLACEMENT_3D('',#1962,#1963,#1964);
#1962 = CARTESIAN_POINT('',(-0.12,5.E-02,-1.5));
#1963 = DIRECTION('',(-0.,-0.,-1.));
#1964 = DIRECTION('',(-1.,0.,0.));
#1965 = ADVANCED_FACE('',(#1966),#1994,.F.);
#1966 = FACE_BOUND('',#1967,.F.);
#1967 = EDGE_LOOP('',(#1968,#1969,#1970,#1978,#1987,#1993));
#1968 = ORIENTED_EDGE('',*,*,#1849,.T.);
#1969 = ORIENTED_EDGE('',*,*,#1946,.T.);
#1970 = ORIENTED_EDGE('',*,*,#1971,.T.);
#1971 = EDGE_CURVE('',#1947,#1972,#1974,.T.);
#1972 = VERTEX_POINT('',#1973);
#1973 = CARTESIAN_POINT('',(-0.38,0.,-1.1422726));
#1974 = LINE('',#1975,#1976);
#1975 = CARTESIAN_POINT('',(-0.38,0.,-1.855));
#1976 = VECTOR('',#1977,1.);
#1977 = DIRECTION('',(0.,0.,1.));
#1978 = ORIENTED_EDGE('',*,*,#1979,.F.);
#1979 = EDGE_CURVE('',#1980,#1972,#1982,.T.);
#1980 = VERTEX_POINT('',#1981);
#1981 = CARTESIAN_POINT('',(-0.2527274,0.,-1.015));
#1982 = CIRCLE('',#1983,0.1272726);
#1983 = AXIS2_PLACEMENT_3D('',#1984,#1985,#1986);
#1984 = CARTESIAN_POINT('',(-0.2527274,0.,-1.1422726));
#1985 = DIRECTION('',(0.,-1.,0.));
#1986 = DIRECTION('',(0.,-0.,-1.));
#1987 = ORIENTED_EDGE('',*,*,#1988,.T.);
#1988 = EDGE_CURVE('',#1980,#1922,#1989,.T.);
#1989 = LINE('',#1990,#1991);
#1990 = CARTESIAN_POINT('',(-0.38,0.,-1.015));
#1991 = VECTOR('',#1992,1.);
#1992 = DIRECTION('',(1.,0.,0.));
#1993 = ORIENTED_EDGE('',*,*,#1929,.F.);
#1994 = PLANE('',#1995);
#1995 = AXIS2_PLACEMENT_3D('',#1996,#1997,#1998);
#1996 = CARTESIAN_POINT('',(-0.25,0.,-1.435));
#1997 = DIRECTION('',(0.,1.,0.));
#1998 = DIRECTION('',(0.,0.,1.));
#1999 = ADVANCED_FACE('',(#2000),#2011,.T.);
#2000 = FACE_BOUND('',#2001,.T.);
#2001 = EDGE_LOOP('',(#2002,#2003,#2009,#2010));
#2002 = ORIENTED_EDGE('',*,*,#1897,.F.);
#2003 = ORIENTED_EDGE('',*,*,#2004,.T.);
#2004 = EDGE_CURVE('',#1889,#1980,#2005,.T.);
#2005 = LINE('',#2006,#2007);
#2006 = CARTESIAN_POINT('',(-0.2527274,5.E-02,-1.015));
#2007 = VECTOR('',#2008,1.);
#2008 = DIRECTION('',(0.,-1.,0.));
#2009 = ORIENTED_EDGE('',*,*,#1988,.T.);
#2010 = ORIENTED_EDGE('',*,*,#1921,.F.);
#2011 = PLANE('',#2012);
#2012 = AXIS2_PLACEMENT_3D('',#2013,#2014,#2015);
#2013 = CARTESIAN_POINT('',(-0.38,5.E-02,-1.015));
#2014 = DIRECTION('',(0.,0.,1.));
#2015 = DIRECTION('',(1.,0.,0.));
#2016 = ADVANCED_FACE('',(#2017),#2028,.T.);
#2017 = FACE_BOUND('',#2018,.T.);
#2018 = EDGE_LOOP('',(#2019,#2020,#2021,#2022));
#2019 = ORIENTED_EDGE('',*,*,#1880,.F.);
#2020 = ORIENTED_EDGE('',*,*,#1954,.T.);
#2021 = ORIENTED_EDGE('',*,*,#1971,.T.);
#2022 = ORIENTED_EDGE('',*,*,#2023,.F.);
#2023 = EDGE_CURVE('',#1881,#1972,#2024,.T.);
#2024 = LINE('',#2025,#2026);
#2025 = CARTESIAN_POINT('',(-0.38,5.E-02,-1.1422726));
#2026 = VECTOR('',#2027,1.);
#2027 = DIRECTION('',(0.,-1.,0.));
#2028 = PLANE('',#2029);
#2029 = AXIS2_PLACEMENT_3D('',#2030,#2031,#2032);
#2030 = CARTESIAN_POINT('',(-0.38,5.E-02,-1.5));
#2031 = DIRECTION('',(-1.,0.,0.));
#2032 = DIRECTION('',(0.,0.,1.));
#2033 = ADVANCED_FACE('',(#2034),#2040,.T.);
#2034 = FACE_BOUND('',#2035,.T.);
#2035 = EDGE_LOOP('',(#2036,#2037,#2038,#2039));
#2036 = ORIENTED_EDGE('',*,*,#1888,.T.);
#2037 = ORIENTED_EDGE('',*,*,#2023,.T.);
#2038 = ORIENTED_EDGE('',*,*,#1979,.F.);
#2039 = ORIENTED_EDGE('',*,*,#2004,.F.);
#2040 = CYLINDRICAL_SURFACE('',#2041,0.1272726);
#2041 = AXIS2_PLACEMENT_3D('',#2042,#2043,#2044);
#2042 = CARTESIAN_POINT('',(-0.2527274,5.E-02,-1.1422726));
#2043 = DIRECTION('',(0.,-1.,0.));
#2044 = DIRECTION('',(0.,0.,1.));
#2045 = ( GEOMETRIC_REPRESENTATION_CONTEXT(3) 
GLOBAL_UNCERTAINTY_ASSIGNED_CONTEXT((#2049)) 
GLOBAL_UNIT_ASSIGNED_CONTEXT((#2046,#2047,#2048)) REPRESENTATION_CONTEXT
('Context #1','3D Context with UNIT and UNCERTAINTY') );
#2046 = ( LENGTH_UNIT() NAMED_UNIT(*) SI_UNIT(.MILLI.,.METRE.) );
#2047 = ( NAMED_UNIT(*) PLANE_ANGLE_UNIT() SI_UNIT($,.RADIAN.) );
#2048 = ( NAMED_UNIT(*) SI_UNIT($,.STERADIAN.) SOLID_ANGLE_UNIT() );
#2049 = UNCERTAINTY_MEASURE_WITH_UNIT(LENGTH_MEASURE(1.E-07),#2046,
  'distance_accuracy_value','confusion accuracy');
#2050 = CONTEXT_DEPENDENT_SHAPE_REPRESENTATION(#2051,#2053);
#2051 = ( REPRESENTATION_RELATIONSHIP('','',#1824,#10) 
REPRESENTATION_RELATIONSHIP_WITH_TRANSFORMATION(#2052) 
SHAPE_REPRESENTATION_RELATIONSHIP() );
#2052 = ITEM_DEFINED_TRANSFORMATION('','',#11,#47);
#2053 = PRODUCT_DEFINITION_SHAPE('Placement','Placement of an item',
  #2054);
#2054 = NEXT_ASSEMBLY_USAGE_OCCURRENCE('7353','Pad_15_1','',#5,#1819,$);
#2055 = PRODUCT_RELATED_PRODUCT_CATEGORY('part',$,(#1821));
#2056 = SHAPE_DEFINITION_REPRESENTATION(#2057,#2063);
#2057 = PRODUCT_DEFINITION_SHAPE('','',#2058);
#2058 = PRODUCT_DEFINITION('design','',#2059,#2062);
#2059 = PRODUCT_DEFINITION_FORMATION('','',#2060);
#2060 = PRODUCT('Pad_16_1','Pad_16_1','',(#2061));
#2061 = PRODUCT_CONTEXT('',#2,'mechanical');
#2062 = PRODUCT_DEFINITION_CONTEXT('part definition',#2,'design');
#2063 = ADVANCED_BREP_SHAPE_REPRESENTATION('',(#11,#2064),#2284);
#2064 = MANIFOLD_SOLID_BREP('',#2065);
#2065 = CLOSED_SHELL('',(#2066,#2106,#2155,#2180,#2204,#2238,#2255,#2272
    ));
#2066 = ADVANCED_FACE('',(#2067),#2101,.T.);
#2067 = FACE_BOUND('',#2068,.T.);
#2068 = EDGE_LOOP('',(#2069,#2079,#2087,#2095));
#2069 = ORIENTED_EDGE('',*,*,#2070,.F.);
#2070 = EDGE_CURVE('',#2071,#2073,#2075,.T.);
#2071 = VERTEX_POINT('',#2072);
#2072 = CARTESIAN_POINT('',(-0.62,5.E-02,-1.1422726));
#2073 = VERTEX_POINT('',#2074);
#2074 = CARTESIAN_POINT('',(-0.62,5.E-02,-1.5));
#2075 = LINE('',#2076,#2077);
#2076 = CARTESIAN_POINT('',(-0.62,5.E-02,-1.015));
#2077 = VECTOR('',#2078,1.);
#2078 = DIRECTION('',(0.,0.,-1.));
#2079 = ORIENTED_EDGE('',*,*,#2080,.T.);
#2080 = EDGE_CURVE('',#2071,#2081,#2083,.T.);
#2081 = VERTEX_POINT('',#2082);
#2082 = CARTESIAN_POINT('',(-0.62,0.,-1.1422726));
#2083 = LINE('',#2084,#2085);
#2084 = CARTESIAN_POINT('',(-0.62,5.E-02,-1.1422726));
#2085 = VECTOR('',#2086,1.);
#2086 = DIRECTION('',(0.,-1.,0.));
#2087 = ORIENTED_EDGE('',*,*,#2088,.T.);
#2088 = EDGE_CURVE('',#2081,#2089,#2091,.T.);
#2089 = VERTEX_POINT('',#2090);
#2090 = CARTESIAN_POINT('',(-0.62,0.,-1.5));
#2091 = LINE('',#2092,#2093);
#2092 = CARTESIAN_POINT('',(-0.62,0.,-1.015));
#2093 = VECTOR('',#2094,1.);
#2094 = DIRECTION('',(0.,0.,-1.));
#2095 = ORIENTED_EDGE('',*,*,#2096,.F.);
#2096 = EDGE_CURVE('',#2073,#2089,#2097,.T.);
#2097 = LINE('',#2098,#2099);
#2098 = CARTESIAN_POINT('',(-0.62,5.E-02,-1.5));
#2099 = VECTOR('',#2100,1.);
#2100 = DIRECTION('',(0.,-1.,0.));
#2101 = PLANE('',#2102);
#2102 = AXIS2_PLACEMENT_3D('',#2103,#2104,#2105);
#2103 = CARTESIAN_POINT('',(-0.62,5.E-02,-1.015));
#2104 = DIRECTION('',(1.,0.,0.));
#2105 = DIRECTION('',(0.,0.,-1.));
#2106 = ADVANCED_FACE('',(#2107),#2150,.T.);
#2107 = FACE_BOUND('',#2108,.T.);
#2108 = EDGE_LOOP('',(#2109,#2110,#2118,#2126,#2135,#2143));
#2109 = ORIENTED_EDGE('',*,*,#2070,.T.);
#2110 = ORIENTED_EDGE('',*,*,#2111,.T.);
#2111 = EDGE_CURVE('',#2073,#2112,#2114,.T.);
#2112 = VERTEX_POINT('',#2113);
#2113 = CARTESIAN_POINT('',(-0.88,5.E-02,-1.5));
#2114 = LINE('',#2115,#2116);
#2115 = CARTESIAN_POINT('',(1.5,5.E-02,-1.5));
#2116 = VECTOR('',#2117,1.);
#2117 = DIRECTION('',(-1.,0.,0.));
#2118 = ORIENTED_EDGE('',*,*,#2119,.T.);
#2119 = EDGE_CURVE('',#2112,#2120,#2122,.T.);
#2120 = VERTEX_POINT('',#2121);
#2121 = CARTESIAN_POINT('',(-0.88,5.E-02,-1.1422726));
#2122 = LINE('',#2123,#2124);
#2123 = CARTESIAN_POINT('',(-0.88,5.E-02,-1.855));
#2124 = VECTOR('',#2125,1.);
#2125 = DIRECTION('',(0.,0.,1.));
#2126 = ORIENTED_EDGE('',*,*,#2127,.F.);
#2127 = EDGE_CURVE('',#2128,#2120,#2130,.T.);
#2128 = VERTEX_POINT('',#2129);
#2129 = CARTESIAN_POINT('',(-0.7527274,5.E-02,-1.015));
#2130 = CIRCLE('',#2131,0.1272726);
#2131 = AXIS2_PLACEMENT_3D('',#2132,#2133,#2134);
#2132 = CARTESIAN_POINT('',(-0.7527274,5.E-02,-1.1422726));
#2133 = DIRECTION('',(0.,-1.,0.));
#2134 = DIRECTION('',(0.,-0.,-1.));
#2135 = ORIENTED_EDGE('',*,*,#2136,.T.);
#2136 = EDGE_CURVE('',#2128,#2137,#2139,.T.);
#2137 = VERTEX_POINT('',#2138);
#2138 = CARTESIAN_POINT('',(-0.7472726,5.E-02,-1.015));
#2139 = LINE('',#2140,#2141);
#2140 = CARTESIAN_POINT('',(-0.88,5.E-02,-1.015));
#2141 = VECTOR('',#2142,1.);
#2142 = DIRECTION('',(1.,0.,0.));
#2143 = ORIENTED_EDGE('',*,*,#2144,.F.);
#2144 = EDGE_CURVE('',#2071,#2137,#2145,.T.);
#2145 = CIRCLE('',#2146,0.1272726);
#2146 = AXIS2_PLACEMENT_3D('',#2147,#2148,#2149);
#2147 = CARTESIAN_POINT('',(-0.7472726,5.E-02,-1.1422726));
#2148 = DIRECTION('',(0.,-1.,0.));
#2149 = DIRECTION('',(0.,-0.,-1.));
#2150 = PLANE('',#2151);
#2151 = AXIS2_PLACEMENT_3D('',#2152,#2153,#2154);
#2152 = CARTESIAN_POINT('',(-0.75,5.E-02,-1.435));
#2153 = DIRECTION('',(0.,1.,0.));
#2154 = DIRECTION('',(0.,0.,1.));
#2155 = ADVANCED_FACE('',(#2156),#2175,.T.);
#2156 = FACE_BOUND('',#2157,.T.);
#2157 = EDGE_LOOP('',(#2158,#2159,#2167,#2174));
#2158 = ORIENTED_EDGE('',*,*,#2144,.T.);
#2159 = ORIENTED_EDGE('',*,*,#2160,.T.);
#2160 = EDGE_CURVE('',#2137,#2161,#2163,.T.);
#2161 = VERTEX_POINT('',#2162);
#2162 = CARTESIAN_POINT('',(-0.7472726,0.,-1.015));
#2163 = LINE('',#2164,#2165);
#2164 = CARTESIAN_POINT('',(-0.7472726,5.E-02,-1.015));
#2165 = VECTOR('',#2166,1.);
#2166 = DIRECTION('',(0.,-1.,0.));
#2167 = ORIENTED_EDGE('',*,*,#2168,.F.);
#2168 = EDGE_CURVE('',#2081,#2161,#2169,.T.);
#2169 = CIRCLE('',#2170,0.1272726);
#2170 = AXIS2_PLACEMENT_3D('',#2171,#2172,#2173);
#2171 = CARTESIAN_POINT('',(-0.7472726,0.,-1.1422726));
#2172 = DIRECTION('',(0.,-1.,0.));
#2173 = DIRECTION('',(0.,-0.,-1.));
#2174 = ORIENTED_EDGE('',*,*,#2080,.F.);
#2175 = CYLINDRICAL_SURFACE('',#2176,0.1272726);
#2176 = AXIS2_PLACEMENT_3D('',#2177,#2178,#2179);
#2177 = CARTESIAN_POINT('',(-0.7472726,5.E-02,-1.1422726));
#2178 = DIRECTION('',(0.,-1.,0.));
#2179 = DIRECTION('',(1.,0.,0.));
#2180 = ADVANCED_FACE('',(#2181),#2199,.T.);
#2181 = FACE_BOUND('',#2182,.T.);
#2182 = EDGE_LOOP('',(#2183,#2184,#2192,#2198));
#2183 = ORIENTED_EDGE('',*,*,#2096,.T.);
#2184 = ORIENTED_EDGE('',*,*,#2185,.T.);
#2185 = EDGE_CURVE('',#2089,#2186,#2188,.T.);
#2186 = VERTEX_POINT('',#2187);
#2187 = CARTESIAN_POINT('',(-0.88,0.,-1.5));
#2188 = LINE('',#2189,#2190);
#2189 = CARTESIAN_POINT('',(1.5,0.,-1.5));
#2190 = VECTOR('',#2191,1.);
#2191 = DIRECTION('',(-1.,0.,0.));
#2192 = ORIENTED_EDGE('',*,*,#2193,.F.);
#2193 = EDGE_CURVE('',#2112,#2186,#2194,.T.);
#2194 = LINE('',#2195,#2196);
#2195 = CARTESIAN_POINT('',(-0.88,5.E-02,-1.5));
#2196 = VECTOR('',#2197,1.);
#2197 = DIRECTION('',(0.,-1.,0.));
#2198 = ORIENTED_EDGE('',*,*,#2111,.F.);
#2199 = PLANE('',#2200);
#2200 = AXIS2_PLACEMENT_3D('',#2201,#2202,#2203);
#2201 = CARTESIAN_POINT('',(-0.62,5.E-02,-1.5));
#2202 = DIRECTION('',(-0.,-0.,-1.));
#2203 = DIRECTION('',(-1.,0.,0.));
#2204 = ADVANCED_FACE('',(#2205),#2233,.F.);
#2205 = FACE_BOUND('',#2206,.F.);
#2206 = EDGE_LOOP('',(#2207,#2208,#2209,#2217,#2226,#2232));
#2207 = ORIENTED_EDGE('',*,*,#2088,.T.);
#2208 = ORIENTED_EDGE('',*,*,#2185,.T.);
#2209 = ORIENTED_EDGE('',*,*,#2210,.T.);
#2210 = EDGE_CURVE('',#2186,#2211,#2213,.T.);
#2211 = VERTEX_POINT('',#2212);
#2212 = CARTESIAN_POINT('',(-0.88,0.,-1.1422726));
#2213 = LINE('',#2214,#2215);
#2214 = CARTESIAN_POINT('',(-0.88,0.,-1.855));
#2215 = VECTOR('',#2216,1.);
#2216 = DIRECTION('',(0.,0.,1.));
#2217 = ORIENTED_EDGE('',*,*,#2218,.F.);
#2218 = EDGE_CURVE('',#2219,#2211,#2221,.T.);
#2219 = VERTEX_POINT('',#2220);
#2220 = CARTESIAN_POINT('',(-0.7527274,0.,-1.015));
#2221 = CIRCLE('',#2222,0.1272726);
#2222 = AXIS2_PLACEMENT_3D('',#2223,#2224,#2225);
#2223 = CARTESIAN_POINT('',(-0.7527274,0.,-1.1422726));
#2224 = DIRECTION('',(0.,-1.,0.));
#2225 = DIRECTION('',(0.,-0.,-1.));
#2226 = ORIENTED_EDGE('',*,*,#2227,.T.);
#2227 = EDGE_CURVE('',#2219,#2161,#2228,.T.);
#2228 = LINE('',#2229,#2230);
#2229 = CARTESIAN_POINT('',(-0.88,0.,-1.015));
#2230 = VECTOR('',#2231,1.);
#2231 = DIRECTION('',(1.,0.,0.));
#2232 = ORIENTED_EDGE('',*,*,#2168,.F.);
#2233 = PLANE('',#2234);
#2234 = AXIS2_PLACEMENT_3D('',#2235,#2236,#2237);
#2235 = CARTESIAN_POINT('',(-0.75,0.,-1.435));
#2236 = DIRECTION('',(0.,1.,0.));
#2237 = DIRECTION('',(0.,0.,1.));
#2238 = ADVANCED_FACE('',(#2239),#2250,.T.);
#2239 = FACE_BOUND('',#2240,.T.);
#2240 = EDGE_LOOP('',(#2241,#2242,#2248,#2249));
#2241 = ORIENTED_EDGE('',*,*,#2136,.F.);
#2242 = ORIENTED_EDGE('',*,*,#2243,.T.);
#2243 = EDGE_CURVE('',#2128,#2219,#2244,.T.);
#2244 = LINE('',#2245,#2246);
#2245 = CARTESIAN_POINT('',(-0.7527274,5.E-02,-1.015));
#2246 = VECTOR('',#2247,1.);
#2247 = DIRECTION('',(0.,-1.,0.));
#2248 = ORIENTED_EDGE('',*,*,#2227,.T.);
#2249 = ORIENTED_EDGE('',*,*,#2160,.F.);
#2250 = PLANE('',#2251);
#2251 = AXIS2_PLACEMENT_3D('',#2252,#2253,#2254);
#2252 = CARTESIAN_POINT('',(-0.88,5.E-02,-1.015));
#2253 = DIRECTION('',(0.,0.,1.));
#2254 = DIRECTION('',(1.,0.,0.));
#2255 = ADVANCED_FACE('',(#2256),#2267,.T.);
#2256 = FACE_BOUND('',#2257,.T.);
#2257 = EDGE_LOOP('',(#2258,#2259,#2260,#2261));
#2258 = ORIENTED_EDGE('',*,*,#2119,.F.);
#2259 = ORIENTED_EDGE('',*,*,#2193,.T.);
#2260 = ORIENTED_EDGE('',*,*,#2210,.T.);
#2261 = ORIENTED_EDGE('',*,*,#2262,.F.);
#2262 = EDGE_CURVE('',#2120,#2211,#2263,.T.);
#2263 = LINE('',#2264,#2265);
#2264 = CARTESIAN_POINT('',(-0.88,5.E-02,-1.1422726));
#2265 = VECTOR('',#2266,1.);
#2266 = DIRECTION('',(0.,-1.,0.));
#2267 = PLANE('',#2268);
#2268 = AXIS2_PLACEMENT_3D('',#2269,#2270,#2271);
#2269 = CARTESIAN_POINT('',(-0.88,5.E-02,-1.5));
#2270 = DIRECTION('',(-1.,0.,0.));
#2271 = DIRECTION('',(0.,0.,1.));
#2272 = ADVANCED_FACE('',(#2273),#2279,.T.);
#2273 = FACE_BOUND('',#2274,.T.);
#2274 = EDGE_LOOP('',(#2275,#2276,#2277,#2278));
#2275 = ORIENTED_EDGE('',*,*,#2127,.T.);
#2276 = ORIENTED_EDGE('',*,*,#2262,.T.);
#2277 = ORIENTED_EDGE('',*,*,#2218,.F.);
#2278 = ORIENTED_EDGE('',*,*,#2243,.F.);
#2279 = CYLINDRICAL_SURFACE('',#2280,0.1272726);
#2280 = AXIS2_PLACEMENT_3D('',#2281,#2282,#2283);
#2281 = CARTESIAN_POINT('',(-0.7527274,5.E-02,-1.1422726));
#2282 = DIRECTION('',(0.,-1.,0.));
#2283 = DIRECTION('',(0.,0.,1.));
#2284 = ( GEOMETRIC_REPRESENTATION_CONTEXT(3) 
GLOBAL_UNCERTAINTY_ASSIGNED_CONTEXT((#2288)) 
GLOBAL_UNIT_ASSIGNED_CONTEXT((#2285,#2286,#2287)) REPRESENTATION_CONTEXT
('Context #1','3D Context with UNIT and UNCERTAINTY') );
#2285 = ( LENGTH_UNIT() NAMED_UNIT(*) SI_UNIT(.MILLI.,.METRE.) );
#2286 = ( NAMED_UNIT(*) PLANE_ANGLE_UNIT() SI_UNIT($,.RADIAN.) );
#2287 = ( NAMED_UNIT(*) SI_UNIT($,.STERADIAN.) SOLID_ANGLE_UNIT() );
#2288 = UNCERTAINTY_MEASURE_WITH_UNIT(LENGTH_MEASURE(1.E-07),#2285,
  'distance_accuracy_value','confusion accuracy');
#2289 = CONTEXT_DEPENDENT_SHAPE_REPRESENTATION(#2290,#2292);
#2290 = ( REPRESENTATION_RELATIONSHIP('','',#2063,#10) 
REPRESENTATION_RELATIONSHIP_WITH_TRANSFORMATION(#2291) 
SHAPE_REPRESENTATION_RELATIONSHIP() );
#2291 = ITEM_DEFINED_TRANSFORMATION('','',#11,#51);
#2292 = PRODUCT_DEFINITION_SHAPE('Placement','Placement of an item',
  #2293);
#2293 = NEXT_ASSEMBLY_USAGE_OCCURRENCE('7354','Pad_16_1','',#5,#2058,$);
#2294 = PRODUCT_RELATED_PRODUCT_CATEGORY('part',$,(#2060));
#2295 = SHAPE_DEFINITION_REPRESENTATION(#2296,#2302);
#2296 = PRODUCT_DEFINITION_SHAPE('','',#2297);
#2297 = PRODUCT_DEFINITION('design','',#2298,#2301);
#2298 = PRODUCT_DEFINITION_FORMATION('','',#2299);
#2299 = PRODUCT('Pad_1_1','Pad_1_1','',(#2300));
#2300 = PRODUCT_CONTEXT('',#2,'mechanical');
#2301 = PRODUCT_DEFINITION_CONTEXT('part definition',#2,'design');
#2302 = ADVANCED_BREP_SHAPE_REPRESENTATION('',(#11,#2303),#2523);
#2303 = MANIFOLD_SOLID_BREP('',#2304);
#2304 = CLOSED_SHELL('',(#2305,#2345,#2394,#2419,#2443,#2477,#2494,#2511
    ));
#2305 = ADVANCED_FACE('',(#2306),#2340,.T.);
#2306 = FACE_BOUND('',#2307,.T.);
#2307 = EDGE_LOOP('',(#2308,#2318,#2326,#2334));
#2308 = ORIENTED_EDGE('',*,*,#2309,.F.);
#2309 = EDGE_CURVE('',#2310,#2312,#2314,.T.);
#2310 = VERTEX_POINT('',#2311);
#2311 = CARTESIAN_POINT('',(-1.1422726,5.E-02,-0.88));
#2312 = VERTEX_POINT('',#2313);
#2313 = CARTESIAN_POINT('',(-1.5,5.E-02,-0.88));
#2314 = LINE('',#2315,#2316);
#2315 = CARTESIAN_POINT('',(-1.015,5.E-02,-0.88));
#2316 = VECTOR('',#2317,1.);
#2317 = DIRECTION('',(-1.,0.,0.));
#2318 = ORIENTED_EDGE('',*,*,#2319,.T.);
#2319 = EDGE_CURVE('',#2310,#2320,#2322,.T.);
#2320 = VERTEX_POINT('',#2321);
#2321 = CARTESIAN_POINT('',(-1.1422726,0.,-0.88));
#2322 = LINE('',#2323,#2324);
#2323 = CARTESIAN_POINT('',(-1.1422726,5.E-02,-0.88));
#2324 = VECTOR('',#2325,1.);
#2325 = DIRECTION('',(0.,-1.,0.));
#2326 = ORIENTED_EDGE('',*,*,#2327,.T.);
#2327 = EDGE_CURVE('',#2320,#2328,#2330,.T.);
#2328 = VERTEX_POINT('',#2329);
#2329 = CARTESIAN_POINT('',(-1.5,0.,-0.88));
#2330 = LINE('',#2331,#2332);
#2331 = CARTESIAN_POINT('',(-1.015,0.,-0.88));
#2332 = VECTOR('',#2333,1.);
#2333 = DIRECTION('',(-1.,0.,0.));
#2334 = ORIENTED_EDGE('',*,*,#2335,.F.);
#2335 = EDGE_CURVE('',#2312,#2328,#2336,.T.);
#2336 = LINE('',#2337,#2338);
#2337 = CARTESIAN_POINT('',(-1.5,5.E-02,-0.88));
#2338 = VECTOR('',#2339,1.);
#2339 = DIRECTION('',(0.,-1.,0.));
#2340 = PLANE('',#2341);
#2341 = AXIS2_PLACEMENT_3D('',#2342,#2343,#2344);
#2342 = CARTESIAN_POINT('',(-1.015,5.E-02,-0.88));
#2343 = DIRECTION('',(-0.,-0.,-1.));
#2344 = DIRECTION('',(-1.,0.,0.));
#2345 = ADVANCED_FACE('',(#2346),#2389,.T.);
#2346 = FACE_BOUND('',#2347,.T.);
#2347 = EDGE_LOOP('',(#2348,#2349,#2357,#2365,#2374,#2382));
#2348 = ORIENTED_EDGE('',*,*,#2309,.T.);
#2349 = ORIENTED_EDGE('',*,*,#2350,.T.);
#2350 = EDGE_CURVE('',#2312,#2351,#2353,.T.);
#2351 = VERTEX_POINT('',#2352);
#2352 = CARTESIAN_POINT('',(-1.5,5.E-02,-0.62));
#2353 = LINE('',#2354,#2355);
#2354 = CARTESIAN_POINT('',(-1.5,5.E-02,-1.5));
#2355 = VECTOR('',#2356,1.);
#2356 = DIRECTION('',(0.,0.,1.));
#2357 = ORIENTED_EDGE('',*,*,#2358,.T.);
#2358 = EDGE_CURVE('',#2351,#2359,#2361,.T.);
#2359 = VERTEX_POINT('',#2360);
#2360 = CARTESIAN_POINT('',(-1.1422726,5.E-02,-0.62));
#2361 = LINE('',#2362,#2363);
#2362 = CARTESIAN_POINT('',(-1.855,5.E-02,-0.62));
#2363 = VECTOR('',#2364,1.);
#2364 = DIRECTION('',(1.,0.,0.));
#2365 = ORIENTED_EDGE('',*,*,#2366,.F.);
#2366 = EDGE_CURVE('',#2367,#2359,#2369,.T.);
#2367 = VERTEX_POINT('',#2368);
#2368 = CARTESIAN_POINT('',(-1.015,5.E-02,-0.7472726));
#2369 = CIRCLE('',#2370,0.1272726);
#2370 = AXIS2_PLACEMENT_3D('',#2371,#2372,#2373);
#2371 = CARTESIAN_POINT('',(-1.1422726,5.E-02,-0.7472726));
#2372 = DIRECTION('',(0.,-1.,0.));
#2373 = DIRECTION('',(0.,-0.,-1.));
#2374 = ORIENTED_EDGE('',*,*,#2375,.T.);
#2375 = EDGE_CURVE('',#2367,#2376,#2378,.T.);
#2376 = VERTEX_POINT('',#2377);
#2377 = CARTESIAN_POINT('',(-1.015,5.E-02,-0.7527274));
#2378 = LINE('',#2379,#2380);
#2379 = CARTESIAN_POINT('',(-1.015,5.E-02,-0.62));
#2380 = VECTOR('',#2381,1.);
#2381 = DIRECTION('',(0.,0.,-1.));
#2382 = ORIENTED_EDGE('',*,*,#2383,.F.);
#2383 = EDGE_CURVE('',#2310,#2376,#2384,.T.);
#2384 = CIRCLE('',#2385,0.1272726);
#2385 = AXIS2_PLACEMENT_3D('',#2386,#2387,#2388);
#2386 = CARTESIAN_POINT('',(-1.1422726,5.E-02,-0.7527274));
#2387 = DIRECTION('',(0.,-1.,0.));
#2388 = DIRECTION('',(0.,-0.,-1.));
#2389 = PLANE('',#2390);
#2390 = AXIS2_PLACEMENT_3D('',#2391,#2392,#2393);
#2391 = CARTESIAN_POINT('',(-1.435,5.E-02,-0.75));
#2392 = DIRECTION('',(0.,1.,0.));
#2393 = DIRECTION('',(0.,0.,1.));
#2394 = ADVANCED_FACE('',(#2395),#2414,.T.);
#2395 = FACE_BOUND('',#2396,.T.);
#2396 = EDGE_LOOP('',(#2397,#2398,#2406,#2413));
#2397 = ORIENTED_EDGE('',*,*,#2383,.T.);
#2398 = ORIENTED_EDGE('',*,*,#2399,.T.);
#2399 = EDGE_CURVE('',#2376,#2400,#2402,.T.);
#2400 = VERTEX_POINT('',#2401);
#2401 = CARTESIAN_POINT('',(-1.015,0.,-0.7527274));
#2402 = LINE('',#2403,#2404);
#2403 = CARTESIAN_POINT('',(-1.015,5.E-02,-0.7527274));
#2404 = VECTOR('',#2405,1.);
#2405 = DIRECTION('',(0.,-1.,0.));
#2406 = ORIENTED_EDGE('',*,*,#2407,.F.);
#2407 = EDGE_CURVE('',#2320,#2400,#2408,.T.);
#2408 = CIRCLE('',#2409,0.1272726);
#2409 = AXIS2_PLACEMENT_3D('',#2410,#2411,#2412);
#2410 = CARTESIAN_POINT('',(-1.1422726,0.,-0.7527274));
#2411 = DIRECTION('',(0.,-1.,0.));
#2412 = DIRECTION('',(0.,-0.,-1.));
#2413 = ORIENTED_EDGE('',*,*,#2319,.F.);
#2414 = CYLINDRICAL_SURFACE('',#2415,0.1272726);
#2415 = AXIS2_PLACEMENT_3D('',#2416,#2417,#2418);
#2416 = CARTESIAN_POINT('',(-1.1422726,5.E-02,-0.7527274));
#2417 = DIRECTION('',(0.,-1.,0.));
#2418 = DIRECTION('',(0.,0.,-1.));
#2419 = ADVANCED_FACE('',(#2420),#2438,.T.);
#2420 = FACE_BOUND('',#2421,.T.);
#2421 = EDGE_LOOP('',(#2422,#2423,#2431,#2437));
#2422 = ORIENTED_EDGE('',*,*,#2335,.T.);
#2423 = ORIENTED_EDGE('',*,*,#2424,.T.);
#2424 = EDGE_CURVE('',#2328,#2425,#2427,.T.);
#2425 = VERTEX_POINT('',#2426);
#2426 = CARTESIAN_POINT('',(-1.5,0.,-0.62));
#2427 = LINE('',#2428,#2429);
#2428 = CARTESIAN_POINT('',(-1.5,0.,-1.5));
#2429 = VECTOR('',#2430,1.);
#2430 = DIRECTION('',(0.,0.,1.));
#2431 = ORIENTED_EDGE('',*,*,#2432,.F.);
#2432 = EDGE_CURVE('',#2351,#2425,#2433,.T.);
#2433 = LINE('',#2434,#2435);
#2434 = CARTESIAN_POINT('',(-1.5,5.E-02,-0.62));
#2435 = VECTOR('',#2436,1.);
#2436 = DIRECTION('',(0.,-1.,0.));
#2437 = ORIENTED_EDGE('',*,*,#2350,.F.);
#2438 = PLANE('',#2439);
#2439 = AXIS2_PLACEMENT_3D('',#2440,#2441,#2442);
#2440 = CARTESIAN_POINT('',(-1.5,5.E-02,-0.88));
#2441 = DIRECTION('',(-1.,0.,0.));
#2442 = DIRECTION('',(0.,0.,1.));
#2443 = ADVANCED_FACE('',(#2444),#2472,.F.);
#2444 = FACE_BOUND('',#2445,.F.);
#2445 = EDGE_LOOP('',(#2446,#2447,#2448,#2456,#2465,#2471));
#2446 = ORIENTED_EDGE('',*,*,#2327,.T.);
#2447 = ORIENTED_EDGE('',*,*,#2424,.T.);
#2448 = ORIENTED_EDGE('',*,*,#2449,.T.);
#2449 = EDGE_CURVE('',#2425,#2450,#2452,.T.);
#2450 = VERTEX_POINT('',#2451);
#2451 = CARTESIAN_POINT('',(-1.1422726,0.,-0.62));
#2452 = LINE('',#2453,#2454);
#2453 = CARTESIAN_POINT('',(-1.855,0.,-0.62));
#2454 = VECTOR('',#2455,1.);
#2455 = DIRECTION('',(1.,0.,0.));
#2456 = ORIENTED_EDGE('',*,*,#2457,.F.);
#2457 = EDGE_CURVE('',#2458,#2450,#2460,.T.);
#2458 = VERTEX_POINT('',#2459);
#2459 = CARTESIAN_POINT('',(-1.015,0.,-0.7472726));
#2460 = CIRCLE('',#2461,0.1272726);
#2461 = AXIS2_PLACEMENT_3D('',#2462,#2463,#2464);
#2462 = CARTESIAN_POINT('',(-1.1422726,0.,-0.7472726));
#2463 = DIRECTION('',(0.,-1.,0.));
#2464 = DIRECTION('',(0.,-0.,-1.));
#2465 = ORIENTED_EDGE('',*,*,#2466,.T.);
#2466 = EDGE_CURVE('',#2458,#2400,#2467,.T.);
#2467 = LINE('',#2468,#2469);
#2468 = CARTESIAN_POINT('',(-1.015,0.,-0.62));
#2469 = VECTOR('',#2470,1.);
#2470 = DIRECTION('',(0.,0.,-1.));
#2471 = ORIENTED_EDGE('',*,*,#2407,.F.);
#2472 = PLANE('',#2473);
#2473 = AXIS2_PLACEMENT_3D('',#2474,#2475,#2476);
#2474 = CARTESIAN_POINT('',(-1.435,0.,-0.75));
#2475 = DIRECTION('',(0.,1.,0.));
#2476 = DIRECTION('',(0.,0.,1.));
#2477 = ADVANCED_FACE('',(#2478),#2489,.T.);
#2478 = FACE_BOUND('',#2479,.T.);
#2479 = EDGE_LOOP('',(#2480,#2481,#2487,#2488));
#2480 = ORIENTED_EDGE('',*,*,#2375,.F.);
#2481 = ORIENTED_EDGE('',*,*,#2482,.T.);
#2482 = EDGE_CURVE('',#2367,#2458,#2483,.T.);
#2483 = LINE('',#2484,#2485);
#2484 = CARTESIAN_POINT('',(-1.015,5.E-02,-0.7472726));
#2485 = VECTOR('',#2486,1.);
#2486 = DIRECTION('',(0.,-1.,0.));
#2487 = ORIENTED_EDGE('',*,*,#2466,.T.);
#2488 = ORIENTED_EDGE('',*,*,#2399,.F.);
#2489 = PLANE('',#2490);
#2490 = AXIS2_PLACEMENT_3D('',#2491,#2492,#2493);
#2491 = CARTESIAN_POINT('',(-1.015,5.E-02,-0.62));
#2492 = DIRECTION('',(1.,0.,0.));
#2493 = DIRECTION('',(0.,0.,-1.));
#2494 = ADVANCED_FACE('',(#2495),#2506,.T.);
#2495 = FACE_BOUND('',#2496,.T.);
#2496 = EDGE_LOOP('',(#2497,#2498,#2499,#2500));
#2497 = ORIENTED_EDGE('',*,*,#2358,.F.);
#2498 = ORIENTED_EDGE('',*,*,#2432,.T.);
#2499 = ORIENTED_EDGE('',*,*,#2449,.T.);
#2500 = ORIENTED_EDGE('',*,*,#2501,.F.);
#2501 = EDGE_CURVE('',#2359,#2450,#2502,.T.);
#2502 = LINE('',#2503,#2504);
#2503 = CARTESIAN_POINT('',(-1.1422726,5.E-02,-0.62));
#2504 = VECTOR('',#2505,1.);
#2505 = DIRECTION('',(0.,-1.,0.));
#2506 = PLANE('',#2507);
#2507 = AXIS2_PLACEMENT_3D('',#2508,#2509,#2510);
#2508 = CARTESIAN_POINT('',(-1.5,5.E-02,-0.62));
#2509 = DIRECTION('',(0.,0.,1.));
#2510 = DIRECTION('',(1.,0.,0.));
#2511 = ADVANCED_FACE('',(#2512),#2518,.T.);
#2512 = FACE_BOUND('',#2513,.T.);
#2513 = EDGE_LOOP('',(#2514,#2515,#2516,#2517));
#2514 = ORIENTED_EDGE('',*,*,#2366,.T.);
#2515 = ORIENTED_EDGE('',*,*,#2501,.T.);
#2516 = ORIENTED_EDGE('',*,*,#2457,.F.);
#2517 = ORIENTED_EDGE('',*,*,#2482,.F.);
#2518 = CYLINDRICAL_SURFACE('',#2519,0.1272726);
#2519 = AXIS2_PLACEMENT_3D('',#2520,#2521,#2522);
#2520 = CARTESIAN_POINT('',(-1.1422726,5.E-02,-0.7472726));
#2521 = DIRECTION('',(0.,-1.,0.));
#2522 = DIRECTION('',(1.,0.,0.));
#2523 = ( GEOMETRIC_REPRESENTATION_CONTEXT(3) 
GLOBAL_UNCERTAINTY_ASSIGNED_CONTEXT((#2527)) 
GLOBAL_UNIT_ASSIGNED_CONTEXT((#2524,#2525,#2526)) REPRESENTATION_CONTEXT
('Context #1','3D Context with UNIT and UNCERTAINTY') );
#2524 = ( LENGTH_UNIT() NAMED_UNIT(*) SI_UNIT(.MILLI.,.METRE.) );
#2525 = ( NAMED_UNIT(*) PLANE_ANGLE_UNIT() SI_UNIT($,.RADIAN.) );
#2526 = ( NAMED_UNIT(*) SI_UNIT($,.STERADIAN.) SOLID_ANGLE_UNIT() );
#2527 = UNCERTAINTY_MEASURE_WITH_UNIT(LENGTH_MEASURE(1.E-07),#2524,
  'distance_accuracy_value','confusion accuracy');
#2528 = CONTEXT_DEPENDENT_SHAPE_REPRESENTATION(#2529,#2531);
#2529 = ( REPRESENTATION_RELATIONSHIP('','',#2302,#10) 
REPRESENTATION_RELATIONSHIP_WITH_TRANSFORMATION(#2530) 
SHAPE_REPRESENTATION_RELATIONSHIP() );
#2530 = ITEM_DEFINED_TRANSFORMATION('','',#11,#55);
#2531 = PRODUCT_DEFINITION_SHAPE('Placement','Placement of an item',
  #2532);
#2532 = NEXT_ASSEMBLY_USAGE_OCCURRENCE('7355','Pad_1_1','',#5,#2297,$);
#2533 = PRODUCT_RELATED_PRODUCT_CATEGORY('part',$,(#2299));
#2534 = SHAPE_DEFINITION_REPRESENTATION(#2535,#2541);
#2535 = PRODUCT_DEFINITION_SHAPE('','',#2536);
#2536 = PRODUCT_DEFINITION('design','',#2537,#2540);
#2537 = PRODUCT_DEFINITION_FORMATION('','',#2538);
#2538 = PRODUCT('Pad_2_1','Pad_2_1','',(#2539));
#2539 = PRODUCT_CONTEXT('',#2,'mechanical');
#2540 = PRODUCT_DEFINITION_CONTEXT('part definition',#2,'design');
#2541 = ADVANCED_BREP_SHAPE_REPRESENTATION('',(#11,#2542),#2762);
#2542 = MANIFOLD_SOLID_BREP('',#2543);
#2543 = CLOSED_SHELL('',(#2544,#2584,#2633,#2658,#2682,#2716,#2733,#2750
    ));
#2544 = ADVANCED_FACE('',(#2545),#2579,.T.);
#2545 = FACE_BOUND('',#2546,.T.);
#2546 = EDGE_LOOP('',(#2547,#2557,#2565,#2573));
#2547 = ORIENTED_EDGE('',*,*,#2548,.F.);
#2548 = EDGE_CURVE('',#2549,#2551,#2553,.T.);
#2549 = VERTEX_POINT('',#2550);
#2550 = CARTESIAN_POINT('',(-1.1422726,5.E-02,-0.38));
#2551 = VERTEX_POINT('',#2552);
#2552 = CARTESIAN_POINT('',(-1.5,5.E-02,-0.38));
#2553 = LINE('',#2554,#2555);
#2554 = CARTESIAN_POINT('',(-1.015,5.E-02,-0.38));
#2555 = VECTOR('',#2556,1.);
#2556 = DIRECTION('',(-1.,0.,0.));
#2557 = ORIENTED_EDGE('',*,*,#2558,.T.);
#2558 = EDGE_CURVE('',#2549,#2559,#2561,.T.);
#2559 = VERTEX_POINT('',#2560);
#2560 = CARTESIAN_POINT('',(-1.1422726,0.,-0.38));
#2561 = LINE('',#2562,#2563);
#2562 = CARTESIAN_POINT('',(-1.1422726,5.E-02,-0.38));
#2563 = VECTOR('',#2564,1.);
#2564 = DIRECTION('',(0.,-1.,0.));
#2565 = ORIENTED_EDGE('',*,*,#2566,.T.);
#2566 = EDGE_CURVE('',#2559,#2567,#2569,.T.);
#2567 = VERTEX_POINT('',#2568);
#2568 = CARTESIAN_POINT('',(-1.5,0.,-0.38));
#2569 = LINE('',#2570,#2571);
#2570 = CARTESIAN_POINT('',(-1.015,0.,-0.38));
#2571 = VECTOR('',#2572,1.);
#2572 = DIRECTION('',(-1.,0.,0.));
#2573 = ORIENTED_EDGE('',*,*,#2574,.F.);
#2574 = EDGE_CURVE('',#2551,#2567,#2575,.T.);
#2575 = LINE('',#2576,#2577);
#2576 = CARTESIAN_POINT('',(-1.5,5.E-02,-0.38));
#2577 = VECTOR('',#2578,1.);
#2578 = DIRECTION('',(0.,-1.,0.));
#2579 = PLANE('',#2580);
#2580 = AXIS2_PLACEMENT_3D('',#2581,#2582,#2583);
#2581 = CARTESIAN_POINT('',(-1.015,5.E-02,-0.38));
#2582 = DIRECTION('',(-0.,-0.,-1.));
#2583 = DIRECTION('',(-1.,0.,0.));
#2584 = ADVANCED_FACE('',(#2585),#2628,.T.);
#2585 = FACE_BOUND('',#2586,.T.);
#2586 = EDGE_LOOP('',(#2587,#2588,#2596,#2604,#2613,#2621));
#2587 = ORIENTED_EDGE('',*,*,#2548,.T.);
#2588 = ORIENTED_EDGE('',*,*,#2589,.T.);
#2589 = EDGE_CURVE('',#2551,#2590,#2592,.T.);
#2590 = VERTEX_POINT('',#2591);
#2591 = CARTESIAN_POINT('',(-1.5,5.E-02,-0.12));
#2592 = LINE('',#2593,#2594);
#2593 = CARTESIAN_POINT('',(-1.5,5.E-02,-1.5));
#2594 = VECTOR('',#2595,1.);
#2595 = DIRECTION('',(0.,0.,1.));
#2596 = ORIENTED_EDGE('',*,*,#2597,.T.);
#2597 = EDGE_CURVE('',#2590,#2598,#2600,.T.);
#2598 = VERTEX_POINT('',#2599);
#2599 = CARTESIAN_POINT('',(-1.1422726,5.E-02,-0.12));
#2600 = LINE('',#2601,#2602);
#2601 = CARTESIAN_POINT('',(-1.855,5.E-02,-0.12));
#2602 = VECTOR('',#2603,1.);
#2603 = DIRECTION('',(1.,0.,0.));
#2604 = ORIENTED_EDGE('',*,*,#2605,.F.);
#2605 = EDGE_CURVE('',#2606,#2598,#2608,.T.);
#2606 = VERTEX_POINT('',#2607);
#2607 = CARTESIAN_POINT('',(-1.015,5.E-02,-0.2472726));
#2608 = CIRCLE('',#2609,0.1272726);
#2609 = AXIS2_PLACEMENT_3D('',#2610,#2611,#2612);
#2610 = CARTESIAN_POINT('',(-1.1422726,5.E-02,-0.2472726));
#2611 = DIRECTION('',(0.,-1.,0.));
#2612 = DIRECTION('',(0.,-0.,-1.));
#2613 = ORIENTED_EDGE('',*,*,#2614,.T.);
#2614 = EDGE_CURVE('',#2606,#2615,#2617,.T.);
#2615 = VERTEX_POINT('',#2616);
#2616 = CARTESIAN_POINT('',(-1.015,5.E-02,-0.2527274));
#2617 = LINE('',#2618,#2619);
#2618 = CARTESIAN_POINT('',(-1.015,5.E-02,-0.12));
#2619 = VECTOR('',#2620,1.);
#2620 = DIRECTION('',(0.,0.,-1.));
#2621 = ORIENTED_EDGE('',*,*,#2622,.F.);
#2622 = EDGE_CURVE('',#2549,#2615,#2623,.T.);
#2623 = CIRCLE('',#2624,0.1272726);
#2624 = AXIS2_PLACEMENT_3D('',#2625,#2626,#2627);
#2625 = CARTESIAN_POINT('',(-1.1422726,5.E-02,-0.2527274));
#2626 = DIRECTION('',(0.,-1.,0.));
#2627 = DIRECTION('',(0.,-0.,-1.));
#2628 = PLANE('',#2629);
#2629 = AXIS2_PLACEMENT_3D('',#2630,#2631,#2632);
#2630 = CARTESIAN_POINT('',(-1.435,5.E-02,-0.25));
#2631 = DIRECTION('',(0.,1.,0.));
#2632 = DIRECTION('',(0.,0.,1.));
#2633 = ADVANCED_FACE('',(#2634),#2653,.T.);
#2634 = FACE_BOUND('',#2635,.T.);
#2635 = EDGE_LOOP('',(#2636,#2637,#2645,#2652));
#2636 = ORIENTED_EDGE('',*,*,#2622,.T.);
#2637 = ORIENTED_EDGE('',*,*,#2638,.T.);
#2638 = EDGE_CURVE('',#2615,#2639,#2641,.T.);
#2639 = VERTEX_POINT('',#2640);
#2640 = CARTESIAN_POINT('',(-1.015,0.,-0.2527274));
#2641 = LINE('',#2642,#2643);
#2642 = CARTESIAN_POINT('',(-1.015,5.E-02,-0.2527274));
#2643 = VECTOR('',#2644,1.);
#2644 = DIRECTION('',(0.,-1.,0.));
#2645 = ORIENTED_EDGE('',*,*,#2646,.F.);
#2646 = EDGE_CURVE('',#2559,#2639,#2647,.T.);
#2647 = CIRCLE('',#2648,0.1272726);
#2648 = AXIS2_PLACEMENT_3D('',#2649,#2650,#2651);
#2649 = CARTESIAN_POINT('',(-1.1422726,0.,-0.2527274));
#2650 = DIRECTION('',(0.,-1.,0.));
#2651 = DIRECTION('',(0.,-0.,-1.));
#2652 = ORIENTED_EDGE('',*,*,#2558,.F.);
#2653 = CYLINDRICAL_SURFACE('',#2654,0.1272726);
#2654 = AXIS2_PLACEMENT_3D('',#2655,#2656,#2657);
#2655 = CARTESIAN_POINT('',(-1.1422726,5.E-02,-0.2527274));
#2656 = DIRECTION('',(0.,-1.,0.));
#2657 = DIRECTION('',(0.,0.,-1.));
#2658 = ADVANCED_FACE('',(#2659),#2677,.T.);
#2659 = FACE_BOUND('',#2660,.T.);
#2660 = EDGE_LOOP('',(#2661,#2662,#2670,#2676));
#2661 = ORIENTED_EDGE('',*,*,#2574,.T.);
#2662 = ORIENTED_EDGE('',*,*,#2663,.T.);
#2663 = EDGE_CURVE('',#2567,#2664,#2666,.T.);
#2664 = VERTEX_POINT('',#2665);
#2665 = CARTESIAN_POINT('',(-1.5,0.,-0.12));
#2666 = LINE('',#2667,#2668);
#2667 = CARTESIAN_POINT('',(-1.5,0.,-1.5));
#2668 = VECTOR('',#2669,1.);
#2669 = DIRECTION('',(0.,0.,1.));
#2670 = ORIENTED_EDGE('',*,*,#2671,.F.);
#2671 = EDGE_CURVE('',#2590,#2664,#2672,.T.);
#2672 = LINE('',#2673,#2674);
#2673 = CARTESIAN_POINT('',(-1.5,5.E-02,-0.12));
#2674 = VECTOR('',#2675,1.);
#2675 = DIRECTION('',(0.,-1.,0.));
#2676 = ORIENTED_EDGE('',*,*,#2589,.F.);
#2677 = PLANE('',#2678);
#2678 = AXIS2_PLACEMENT_3D('',#2679,#2680,#2681);
#2679 = CARTESIAN_POINT('',(-1.5,5.E-02,-0.38));
#2680 = DIRECTION('',(-1.,0.,0.));
#2681 = DIRECTION('',(0.,0.,1.));
#2682 = ADVANCED_FACE('',(#2683),#2711,.F.);
#2683 = FACE_BOUND('',#2684,.F.);
#2684 = EDGE_LOOP('',(#2685,#2686,#2687,#2695,#2704,#2710));
#2685 = ORIENTED_EDGE('',*,*,#2566,.T.);
#2686 = ORIENTED_EDGE('',*,*,#2663,.T.);
#2687 = ORIENTED_EDGE('',*,*,#2688,.T.);
#2688 = EDGE_CURVE('',#2664,#2689,#2691,.T.);
#2689 = VERTEX_POINT('',#2690);
#2690 = CARTESIAN_POINT('',(-1.1422726,0.,-0.12));
#2691 = LINE('',#2692,#2693);
#2692 = CARTESIAN_POINT('',(-1.855,0.,-0.12));
#2693 = VECTOR('',#2694,1.);
#2694 = DIRECTION('',(1.,0.,0.));
#2695 = ORIENTED_EDGE('',*,*,#2696,.F.);
#2696 = EDGE_CURVE('',#2697,#2689,#2699,.T.);
#2697 = VERTEX_POINT('',#2698);
#2698 = CARTESIAN_POINT('',(-1.015,0.,-0.2472726));
#2699 = CIRCLE('',#2700,0.1272726);
#2700 = AXIS2_PLACEMENT_3D('',#2701,#2702,#2703);
#2701 = CARTESIAN_POINT('',(-1.1422726,0.,-0.2472726));
#2702 = DIRECTION('',(0.,-1.,0.));
#2703 = DIRECTION('',(0.,-0.,-1.));
#2704 = ORIENTED_EDGE('',*,*,#2705,.T.);
#2705 = EDGE_CURVE('',#2697,#2639,#2706,.T.);
#2706 = LINE('',#2707,#2708);
#2707 = CARTESIAN_POINT('',(-1.015,0.,-0.12));
#2708 = VECTOR('',#2709,1.);
#2709 = DIRECTION('',(0.,0.,-1.));
#2710 = ORIENTED_EDGE('',*,*,#2646,.F.);
#2711 = PLANE('',#2712);
#2712 = AXIS2_PLACEMENT_3D('',#2713,#2714,#2715);
#2713 = CARTESIAN_POINT('',(-1.435,0.,-0.25));
#2714 = DIRECTION('',(0.,1.,0.));
#2715 = DIRECTION('',(0.,0.,1.));
#2716 = ADVANCED_FACE('',(#2717),#2728,.T.);
#2717 = FACE_BOUND('',#2718,.T.);
#2718 = EDGE_LOOP('',(#2719,#2720,#2726,#2727));
#2719 = ORIENTED_EDGE('',*,*,#2614,.F.);
#2720 = ORIENTED_EDGE('',*,*,#2721,.T.);
#2721 = EDGE_CURVE('',#2606,#2697,#2722,.T.);
#2722 = LINE('',#2723,#2724);
#2723 = CARTESIAN_POINT('',(-1.015,5.E-02,-0.2472726));
#2724 = VECTOR('',#2725,1.);
#2725 = DIRECTION('',(0.,-1.,0.));
#2726 = ORIENTED_EDGE('',*,*,#2705,.T.);
#2727 = ORIENTED_EDGE('',*,*,#2638,.F.);
#2728 = PLANE('',#2729);
#2729 = AXIS2_PLACEMENT_3D('',#2730,#2731,#2732);
#2730 = CARTESIAN_POINT('',(-1.015,5.E-02,-0.12));
#2731 = DIRECTION('',(1.,0.,0.));
#2732 = DIRECTION('',(0.,0.,-1.));
#2733 = ADVANCED_FACE('',(#2734),#2745,.T.);
#2734 = FACE_BOUND('',#2735,.T.);
#2735 = EDGE_LOOP('',(#2736,#2737,#2738,#2739));
#2736 = ORIENTED_EDGE('',*,*,#2597,.F.);
#2737 = ORIENTED_EDGE('',*,*,#2671,.T.);
#2738 = ORIENTED_EDGE('',*,*,#2688,.T.);
#2739 = ORIENTED_EDGE('',*,*,#2740,.F.);
#2740 = EDGE_CURVE('',#2598,#2689,#2741,.T.);
#2741 = LINE('',#2742,#2743);
#2742 = CARTESIAN_POINT('',(-1.1422726,5.E-02,-0.12));
#2743 = VECTOR('',#2744,1.);
#2744 = DIRECTION('',(0.,-1.,0.));
#2745 = PLANE('',#2746);
#2746 = AXIS2_PLACEMENT_3D('',#2747,#2748,#2749);
#2747 = CARTESIAN_POINT('',(-1.5,5.E-02,-0.12));
#2748 = DIRECTION('',(0.,0.,1.));
#2749 = DIRECTION('',(1.,0.,0.));
#2750 = ADVANCED_FACE('',(#2751),#2757,.T.);
#2751 = FACE_BOUND('',#2752,.T.);
#2752 = EDGE_LOOP('',(#2753,#2754,#2755,#2756));
#2753 = ORIENTED_EDGE('',*,*,#2605,.T.);
#2754 = ORIENTED_EDGE('',*,*,#2740,.T.);
#2755 = ORIENTED_EDGE('',*,*,#2696,.F.);
#2756 = ORIENTED_EDGE('',*,*,#2721,.F.);
#2757 = CYLINDRICAL_SURFACE('',#2758,0.1272726);
#2758 = AXIS2_PLACEMENT_3D('',#2759,#2760,#2761);
#2759 = CARTESIAN_POINT('',(-1.1422726,5.E-02,-0.2472726));
#2760 = DIRECTION('',(0.,-1.,0.));
#2761 = DIRECTION('',(1.,0.,0.));
#2762 = ( GEOMETRIC_REPRESENTATION_CONTEXT(3) 
GLOBAL_UNCERTAINTY_ASSIGNED_CONTEXT((#2766)) 
GLOBAL_UNIT_ASSIGNED_CONTEXT((#2763,#2764,#2765)) REPRESENTATION_CONTEXT
('Context #1','3D Context with UNIT and UNCERTAINTY') );
#2763 = ( LENGTH_UNIT() NAMED_UNIT(*) SI_UNIT(.MILLI.,.METRE.) );
#2764 = ( NAMED_UNIT(*) PLANE_ANGLE_UNIT() SI_UNIT($,.RADIAN.) );
#2765 = ( NAMED_UNIT(*) SI_UNIT($,.STERADIAN.) SOLID_ANGLE_UNIT() );
#2766 = UNCERTAINTY_MEASURE_WITH_UNIT(LENGTH_MEASURE(1.E-07),#2763,
  'distance_accuracy_value','confusion accuracy');
#2767 = CONTEXT_DEPENDENT_SHAPE_REPRESENTATION(#2768,#2770);
#2768 = ( REPRESENTATION_RELATIONSHIP('','',#2541,#10) 
REPRESENTATION_RELATIONSHIP_WITH_TRANSFORMATION(#2769) 
SHAPE_REPRESENTATION_RELATIONSHIP() );
#2769 = ITEM_DEFINED_TRANSFORMATION('','',#11,#59);
#2770 = PRODUCT_DEFINITION_SHAPE('Placement','Placement of an item',
  #2771);
#2771 = NEXT_ASSEMBLY_USAGE_OCCURRENCE('7356','Pad_2_1','',#5,#2536,$);
#2772 = PRODUCT_RELATED_PRODUCT_CATEGORY('part',$,(#2538));
#2773 = SHAPE_DEFINITION_REPRESENTATION(#2774,#2780);
#2774 = PRODUCT_DEFINITION_SHAPE('','',#2775);
#2775 = PRODUCT_DEFINITION('design','',#2776,#2779);
#2776 = PRODUCT_DEFINITION_FORMATION('','',#2777);
#2777 = PRODUCT('Pad_3_1','Pad_3_1','',(#2778));
#2778 = PRODUCT_CONTEXT('',#2,'mechanical');
#2779 = PRODUCT_DEFINITION_CONTEXT('part definition',#2,'design');
#2780 = ADVANCED_BREP_SHAPE_REPRESENTATION('',(#11,#2781),#3001);
#2781 = MANIFOLD_SOLID_BREP('',#2782);
#2782 = CLOSED_SHELL('',(#2783,#2823,#2872,#2897,#2921,#2955,#2972,#2989
    ));
#2783 = ADVANCED_FACE('',(#2784),#2818,.T.);
#2784 = FACE_BOUND('',#2785,.T.);
#2785 = EDGE_LOOP('',(#2786,#2796,#2804,#2812));
#2786 = ORIENTED_EDGE('',*,*,#2787,.F.);
#2787 = EDGE_CURVE('',#2788,#2790,#2792,.T.);
#2788 = VERTEX_POINT('',#2789);
#2789 = CARTESIAN_POINT('',(-1.1422726,5.E-02,0.12));
#2790 = VERTEX_POINT('',#2791);
#2791 = CARTESIAN_POINT('',(-1.5,5.E-02,0.12));
#2792 = LINE('',#2793,#2794);
#2793 = CARTESIAN_POINT('',(-1.015,5.E-02,0.12));
#2794 = VECTOR('',#2795,1.);
#2795 = DIRECTION('',(-1.,0.,0.));
#2796 = ORIENTED_EDGE('',*,*,#2797,.T.);
#2797 = EDGE_CURVE('',#2788,#2798,#2800,.T.);
#2798 = VERTEX_POINT('',#2799);
#2799 = CARTESIAN_POINT('',(-1.1422726,0.,0.12));
#2800 = LINE('',#2801,#2802);
#2801 = CARTESIAN_POINT('',(-1.1422726,5.E-02,0.12));
#2802 = VECTOR('',#2803,1.);
#2803 = DIRECTION('',(0.,-1.,0.));
#2804 = ORIENTED_EDGE('',*,*,#2805,.T.);
#2805 = EDGE_CURVE('',#2798,#2806,#2808,.T.);
#2806 = VERTEX_POINT('',#2807);
#2807 = CARTESIAN_POINT('',(-1.5,0.,0.12));
#2808 = LINE('',#2809,#2810);
#2809 = CARTESIAN_POINT('',(-1.015,0.,0.12));
#2810 = VECTOR('',#2811,1.);
#2811 = DIRECTION('',(-1.,0.,0.));
#2812 = ORIENTED_EDGE('',*,*,#2813,.F.);
#2813 = EDGE_CURVE('',#2790,#2806,#2814,.T.);
#2814 = LINE('',#2815,#2816);
#2815 = CARTESIAN_POINT('',(-1.5,5.E-02,0.12));
#2816 = VECTOR('',#2817,1.);
#2817 = DIRECTION('',(0.,-1.,0.));
#2818 = PLANE('',#2819);
#2819 = AXIS2_PLACEMENT_3D('',#2820,#2821,#2822);
#2820 = CARTESIAN_POINT('',(-1.015,5.E-02,0.12));
#2821 = DIRECTION('',(-0.,-0.,-1.));
#2822 = DIRECTION('',(-1.,0.,0.));
#2823 = ADVANCED_FACE('',(#2824),#2867,.T.);
#2824 = FACE_BOUND('',#2825,.T.);
#2825 = EDGE_LOOP('',(#2826,#2827,#2835,#2843,#2852,#2860));
#2826 = ORIENTED_EDGE('',*,*,#2787,.T.);
#2827 = ORIENTED_EDGE('',*,*,#2828,.T.);
#2828 = EDGE_CURVE('',#2790,#2829,#2831,.T.);
#2829 = VERTEX_POINT('',#2830);
#2830 = CARTESIAN_POINT('',(-1.5,5.E-02,0.38));
#2831 = LINE('',#2832,#2833);
#2832 = CARTESIAN_POINT('',(-1.5,5.E-02,-1.5));
#2833 = VECTOR('',#2834,1.);
#2834 = DIRECTION('',(0.,0.,1.));
#2835 = ORIENTED_EDGE('',*,*,#2836,.T.);
#2836 = EDGE_CURVE('',#2829,#2837,#2839,.T.);
#2837 = VERTEX_POINT('',#2838);
#2838 = CARTESIAN_POINT('',(-1.1422726,5.E-02,0.38));
#2839 = LINE('',#2840,#2841);
#2840 = CARTESIAN_POINT('',(-1.855,5.E-02,0.38));
#2841 = VECTOR('',#2842,1.);
#2842 = DIRECTION('',(1.,0.,0.));
#2843 = ORIENTED_EDGE('',*,*,#2844,.F.);
#2844 = EDGE_CURVE('',#2845,#2837,#2847,.T.);
#2845 = VERTEX_POINT('',#2846);
#2846 = CARTESIAN_POINT('',(-1.015,5.E-02,0.2527274));
#2847 = CIRCLE('',#2848,0.1272726);
#2848 = AXIS2_PLACEMENT_3D('',#2849,#2850,#2851);
#2849 = CARTESIAN_POINT('',(-1.1422726,5.E-02,0.2527274));
#2850 = DIRECTION('',(0.,-1.,0.));
#2851 = DIRECTION('',(0.,-0.,-1.));
#2852 = ORIENTED_EDGE('',*,*,#2853,.T.);
#2853 = EDGE_CURVE('',#2845,#2854,#2856,.T.);
#2854 = VERTEX_POINT('',#2855);
#2855 = CARTESIAN_POINT('',(-1.015,5.E-02,0.2472726));
#2856 = LINE('',#2857,#2858);
#2857 = CARTESIAN_POINT('',(-1.015,5.E-02,0.38));
#2858 = VECTOR('',#2859,1.);
#2859 = DIRECTION('',(0.,0.,-1.));
#2860 = ORIENTED_EDGE('',*,*,#2861,.F.);
#2861 = EDGE_CURVE('',#2788,#2854,#2862,.T.);
#2862 = CIRCLE('',#2863,0.1272726);
#2863 = AXIS2_PLACEMENT_3D('',#2864,#2865,#2866);
#2864 = CARTESIAN_POINT('',(-1.1422726,5.E-02,0.2472726));
#2865 = DIRECTION('',(0.,-1.,0.));
#2866 = DIRECTION('',(0.,-0.,-1.));
#2867 = PLANE('',#2868);
#2868 = AXIS2_PLACEMENT_3D('',#2869,#2870,#2871);
#2869 = CARTESIAN_POINT('',(-1.435,5.E-02,0.25));
#2870 = DIRECTION('',(0.,1.,0.));
#2871 = DIRECTION('',(0.,0.,1.));
#2872 = ADVANCED_FACE('',(#2873),#2892,.T.);
#2873 = FACE_BOUND('',#2874,.T.);
#2874 = EDGE_LOOP('',(#2875,#2876,#2884,#2891));
#2875 = ORIENTED_EDGE('',*,*,#2861,.T.);
#2876 = ORIENTED_EDGE('',*,*,#2877,.T.);
#2877 = EDGE_CURVE('',#2854,#2878,#2880,.T.);
#2878 = VERTEX_POINT('',#2879);
#2879 = CARTESIAN_POINT('',(-1.015,0.,0.2472726));
#2880 = LINE('',#2881,#2882);
#2881 = CARTESIAN_POINT('',(-1.015,5.E-02,0.2472726));
#2882 = VECTOR('',#2883,1.);
#2883 = DIRECTION('',(0.,-1.,0.));
#2884 = ORIENTED_EDGE('',*,*,#2885,.F.);
#2885 = EDGE_CURVE('',#2798,#2878,#2886,.T.);
#2886 = CIRCLE('',#2887,0.1272726);
#2887 = AXIS2_PLACEMENT_3D('',#2888,#2889,#2890);
#2888 = CARTESIAN_POINT('',(-1.1422726,0.,0.2472726));
#2889 = DIRECTION('',(0.,-1.,0.));
#2890 = DIRECTION('',(0.,-0.,-1.));
#2891 = ORIENTED_EDGE('',*,*,#2797,.F.);
#2892 = CYLINDRICAL_SURFACE('',#2893,0.1272726);
#2893 = AXIS2_PLACEMENT_3D('',#2894,#2895,#2896);
#2894 = CARTESIAN_POINT('',(-1.1422726,5.E-02,0.2472726));
#2895 = DIRECTION('',(0.,-1.,0.));
#2896 = DIRECTION('',(0.,0.,-1.));
#2897 = ADVANCED_FACE('',(#2898),#2916,.T.);
#2898 = FACE_BOUND('',#2899,.T.);
#2899 = EDGE_LOOP('',(#2900,#2901,#2909,#2915));
#2900 = ORIENTED_EDGE('',*,*,#2813,.T.);
#2901 = ORIENTED_EDGE('',*,*,#2902,.T.);
#2902 = EDGE_CURVE('',#2806,#2903,#2905,.T.);
#2903 = VERTEX_POINT('',#2904);
#2904 = CARTESIAN_POINT('',(-1.5,0.,0.38));
#2905 = LINE('',#2906,#2907);
#2906 = CARTESIAN_POINT('',(-1.5,0.,-1.5));
#2907 = VECTOR('',#2908,1.);
#2908 = DIRECTION('',(0.,0.,1.));
#2909 = ORIENTED_EDGE('',*,*,#2910,.F.);
#2910 = EDGE_CURVE('',#2829,#2903,#2911,.T.);
#2911 = LINE('',#2912,#2913);
#2912 = CARTESIAN_POINT('',(-1.5,5.E-02,0.38));
#2913 = VECTOR('',#2914,1.);
#2914 = DIRECTION('',(0.,-1.,0.));
#2915 = ORIENTED_EDGE('',*,*,#2828,.F.);
#2916 = PLANE('',#2917);
#2917 = AXIS2_PLACEMENT_3D('',#2918,#2919,#2920);
#2918 = CARTESIAN_POINT('',(-1.5,5.E-02,0.12));
#2919 = DIRECTION('',(-1.,0.,0.));
#2920 = DIRECTION('',(0.,0.,1.));
#2921 = ADVANCED_FACE('',(#2922),#2950,.F.);
#2922 = FACE_BOUND('',#2923,.F.);
#2923 = EDGE_LOOP('',(#2924,#2925,#2926,#2934,#2943,#2949));
#2924 = ORIENTED_EDGE('',*,*,#2805,.T.);
#2925 = ORIENTED_EDGE('',*,*,#2902,.T.);
#2926 = ORIENTED_EDGE('',*,*,#2927,.T.);
#2927 = EDGE_CURVE('',#2903,#2928,#2930,.T.);
#2928 = VERTEX_POINT('',#2929);
#2929 = CARTESIAN_POINT('',(-1.1422726,0.,0.38));
#2930 = LINE('',#2931,#2932);
#2931 = CARTESIAN_POINT('',(-1.855,0.,0.38));
#2932 = VECTOR('',#2933,1.);
#2933 = DIRECTION('',(1.,0.,0.));
#2934 = ORIENTED_EDGE('',*,*,#2935,.F.);
#2935 = EDGE_CURVE('',#2936,#2928,#2938,.T.);
#2936 = VERTEX_POINT('',#2937);
#2937 = CARTESIAN_POINT('',(-1.015,0.,0.2527274));
#2938 = CIRCLE('',#2939,0.1272726);
#2939 = AXIS2_PLACEMENT_3D('',#2940,#2941,#2942);
#2940 = CARTESIAN_POINT('',(-1.1422726,0.,0.2527274));
#2941 = DIRECTION('',(0.,-1.,0.));
#2942 = DIRECTION('',(0.,-0.,-1.));
#2943 = ORIENTED_EDGE('',*,*,#2944,.T.);
#2944 = EDGE_CURVE('',#2936,#2878,#2945,.T.);
#2945 = LINE('',#2946,#2947);
#2946 = CARTESIAN_POINT('',(-1.015,0.,0.38));
#2947 = VECTOR('',#2948,1.);
#2948 = DIRECTION('',(0.,0.,-1.));
#2949 = ORIENTED_EDGE('',*,*,#2885,.F.);
#2950 = PLANE('',#2951);
#2951 = AXIS2_PLACEMENT_3D('',#2952,#2953,#2954);
#2952 = CARTESIAN_POINT('',(-1.435,0.,0.25));
#2953 = DIRECTION('',(0.,1.,0.));
#2954 = DIRECTION('',(0.,0.,1.));
#2955 = ADVANCED_FACE('',(#2956),#2967,.T.);
#2956 = FACE_BOUND('',#2957,.T.);
#2957 = EDGE_LOOP('',(#2958,#2959,#2965,#2966));
#2958 = ORIENTED_EDGE('',*,*,#2853,.F.);
#2959 = ORIENTED_EDGE('',*,*,#2960,.T.);
#2960 = EDGE_CURVE('',#2845,#2936,#2961,.T.);
#2961 = LINE('',#2962,#2963);
#2962 = CARTESIAN_POINT('',(-1.015,5.E-02,0.2527274));
#2963 = VECTOR('',#2964,1.);
#2964 = DIRECTION('',(0.,-1.,0.));
#2965 = ORIENTED_EDGE('',*,*,#2944,.T.);
#2966 = ORIENTED_EDGE('',*,*,#2877,.F.);
#2967 = PLANE('',#2968);
#2968 = AXIS2_PLACEMENT_3D('',#2969,#2970,#2971);
#2969 = CARTESIAN_POINT('',(-1.015,5.E-02,0.38));
#2970 = DIRECTION('',(1.,0.,0.));
#2971 = DIRECTION('',(0.,0.,-1.));
#2972 = ADVANCED_FACE('',(#2973),#2984,.T.);
#2973 = FACE_BOUND('',#2974,.T.);
#2974 = EDGE_LOOP('',(#2975,#2976,#2977,#2978));
#2975 = ORIENTED_EDGE('',*,*,#2836,.F.);
#2976 = ORIENTED_EDGE('',*,*,#2910,.T.);
#2977 = ORIENTED_EDGE('',*,*,#2927,.T.);
#2978 = ORIENTED_EDGE('',*,*,#2979,.F.);
#2979 = EDGE_CURVE('',#2837,#2928,#2980,.T.);
#2980 = LINE('',#2981,#2982);
#2981 = CARTESIAN_POINT('',(-1.1422726,5.E-02,0.38));
#2982 = VECTOR('',#2983,1.);
#2983 = DIRECTION('',(0.,-1.,0.));
#2984 = PLANE('',#2985);
#2985 = AXIS2_PLACEMENT_3D('',#2986,#2987,#2988);
#2986 = CARTESIAN_POINT('',(-1.5,5.E-02,0.38));
#2987 = DIRECTION('',(0.,0.,1.));
#2988 = DIRECTION('',(1.,0.,0.));
#2989 = ADVANCED_FACE('',(#2990),#2996,.T.);
#2990 = FACE_BOUND('',#2991,.T.);
#2991 = EDGE_LOOP('',(#2992,#2993,#2994,#2995));
#2992 = ORIENTED_EDGE('',*,*,#2844,.T.);
#2993 = ORIENTED_EDGE('',*,*,#2979,.T.);
#2994 = ORIENTED_EDGE('',*,*,#2935,.F.);
#2995 = ORIENTED_EDGE('',*,*,#2960,.F.);
#2996 = CYLINDRICAL_SURFACE('',#2997,0.1272726);
#2997 = AXIS2_PLACEMENT_3D('',#2998,#2999,#3000);
#2998 = CARTESIAN_POINT('',(-1.1422726,5.E-02,0.2527274));
#2999 = DIRECTION('',(0.,-1.,0.));
#3000 = DIRECTION('',(1.,0.,0.));
#3001 = ( GEOMETRIC_REPRESENTATION_CONTEXT(3) 
GLOBAL_UNCERTAINTY_ASSIGNED_CONTEXT((#3005)) 
GLOBAL_UNIT_ASSIGNED_CONTEXT((#3002,#3003,#3004)) REPRESENTATION_CONTEXT
('Context #1','3D Context with UNIT and UNCERTAINTY') );
#3002 = ( LENGTH_UNIT() NAMED_UNIT(*) SI_UNIT(.MILLI.,.METRE.) );
#3003 = ( NAMED_UNIT(*) PLANE_ANGLE_UNIT() SI_UNIT($,.RADIAN.) );
#3004 = ( NAMED_UNIT(*) SI_UNIT($,.STERADIAN.) SOLID_ANGLE_UNIT() );
#3005 = UNCERTAINTY_MEASURE_WITH_UNIT(LENGTH_MEASURE(1.E-07),#3002,
  'distance_accuracy_value','confusion accuracy');
#3006 = CONTEXT_DEPENDENT_SHAPE_REPRESENTATION(#3007,#3009);
#3007 = ( REPRESENTATION_RELATIONSHIP('','',#2780,#10) 
REPRESENTATION_RELATIONSHIP_WITH_TRANSFORMATION(#3008) 
SHAPE_REPRESENTATION_RELATIONSHIP() );
#3008 = ITEM_DEFINED_TRANSFORMATION('','',#11,#63);
#3009 = PRODUCT_DEFINITION_SHAPE('Placement','Placement of an item',
  #3010);
#3010 = NEXT_ASSEMBLY_USAGE_OCCURRENCE('7357','Pad_3_1','',#5,#2775,$);
#3011 = PRODUCT_RELATED_PRODUCT_CATEGORY('part',$,(#2777));
#3012 = SHAPE_DEFINITION_REPRESENTATION(#3013,#3019);
#3013 = PRODUCT_DEFINITION_SHAPE('','',#3014);
#3014 = PRODUCT_DEFINITION('design','',#3015,#3018);
#3015 = PRODUCT_DEFINITION_FORMATION('','',#3016);
#3016 = PRODUCT('Pad_4_1','Pad_4_1','',(#3017));
#3017 = PRODUCT_CONTEXT('',#2,'mechanical');
#3018 = PRODUCT_DEFINITION_CONTEXT('part definition',#2,'design');
#3019 = ADVANCED_BREP_SHAPE_REPRESENTATION('',(#11,#3020),#3240);
#3020 = MANIFOLD_SOLID_BREP('',#3021);
#3021 = CLOSED_SHELL('',(#3022,#3062,#3111,#3136,#3160,#3194,#3211,#3228
    ));
#3022 = ADVANCED_FACE('',(#3023),#3057,.T.);
#3023 = FACE_BOUND('',#3024,.T.);
#3024 = EDGE_LOOP('',(#3025,#3035,#3043,#3051));
#3025 = ORIENTED_EDGE('',*,*,#3026,.F.);
#3026 = EDGE_CURVE('',#3027,#3029,#3031,.T.);
#3027 = VERTEX_POINT('',#3028);
#3028 = CARTESIAN_POINT('',(-1.1422726,5.E-02,0.62));
#3029 = VERTEX_POINT('',#3030);
#3030 = CARTESIAN_POINT('',(-1.5,5.E-02,0.62));
#3031 = LINE('',#3032,#3033);
#3032 = CARTESIAN_POINT('',(-1.015,5.E-02,0.62));
#3033 = VECTOR('',#3034,1.);
#3034 = DIRECTION('',(-1.,0.,0.));
#3035 = ORIENTED_EDGE('',*,*,#3036,.T.);
#3036 = EDGE_CURVE('',#3027,#3037,#3039,.T.);
#3037 = VERTEX_POINT('',#3038);
#3038 = CARTESIAN_POINT('',(-1.1422726,0.,0.62));
#3039 = LINE('',#3040,#3041);
#3040 = CARTESIAN_POINT('',(-1.1422726,5.E-02,0.62));
#3041 = VECTOR('',#3042,1.);
#3042 = DIRECTION('',(0.,-1.,0.));
#3043 = ORIENTED_EDGE('',*,*,#3044,.T.);
#3044 = EDGE_CURVE('',#3037,#3045,#3047,.T.);
#3045 = VERTEX_POINT('',#3046);
#3046 = CARTESIAN_POINT('',(-1.5,0.,0.62));
#3047 = LINE('',#3048,#3049);
#3048 = CARTESIAN_POINT('',(-1.015,0.,0.62));
#3049 = VECTOR('',#3050,1.);
#3050 = DIRECTION('',(-1.,0.,0.));
#3051 = ORIENTED_EDGE('',*,*,#3052,.F.);
#3052 = EDGE_CURVE('',#3029,#3045,#3053,.T.);
#3053 = LINE('',#3054,#3055);
#3054 = CARTESIAN_POINT('',(-1.5,5.E-02,0.62));
#3055 = VECTOR('',#3056,1.);
#3056 = DIRECTION('',(0.,-1.,0.));
#3057 = PLANE('',#3058);
#3058 = AXIS2_PLACEMENT_3D('',#3059,#3060,#3061);
#3059 = CARTESIAN_POINT('',(-1.015,5.E-02,0.62));
#3060 = DIRECTION('',(-0.,-0.,-1.));
#3061 = DIRECTION('',(-1.,0.,0.));
#3062 = ADVANCED_FACE('',(#3063),#3106,.T.);
#3063 = FACE_BOUND('',#3064,.T.);
#3064 = EDGE_LOOP('',(#3065,#3066,#3074,#3082,#3091,#3099));
#3065 = ORIENTED_EDGE('',*,*,#3026,.T.);
#3066 = ORIENTED_EDGE('',*,*,#3067,.T.);
#3067 = EDGE_CURVE('',#3029,#3068,#3070,.T.);
#3068 = VERTEX_POINT('',#3069);
#3069 = CARTESIAN_POINT('',(-1.5,5.E-02,0.88));
#3070 = LINE('',#3071,#3072);
#3071 = CARTESIAN_POINT('',(-1.5,5.E-02,-1.5));
#3072 = VECTOR('',#3073,1.);
#3073 = DIRECTION('',(0.,0.,1.));
#3074 = ORIENTED_EDGE('',*,*,#3075,.T.);
#3075 = EDGE_CURVE('',#3068,#3076,#3078,.T.);
#3076 = VERTEX_POINT('',#3077);
#3077 = CARTESIAN_POINT('',(-1.1422726,5.E-02,0.88));
#3078 = LINE('',#3079,#3080);
#3079 = CARTESIAN_POINT('',(-1.855,5.E-02,0.88));
#3080 = VECTOR('',#3081,1.);
#3081 = DIRECTION('',(1.,0.,0.));
#3082 = ORIENTED_EDGE('',*,*,#3083,.F.);
#3083 = EDGE_CURVE('',#3084,#3076,#3086,.T.);
#3084 = VERTEX_POINT('',#3085);
#3085 = CARTESIAN_POINT('',(-1.015,5.E-02,0.7527274));
#3086 = CIRCLE('',#3087,0.1272726);
#3087 = AXIS2_PLACEMENT_3D('',#3088,#3089,#3090);
#3088 = CARTESIAN_POINT('',(-1.1422726,5.E-02,0.7527274));
#3089 = DIRECTION('',(0.,-1.,0.));
#3090 = DIRECTION('',(0.,-0.,-1.));
#3091 = ORIENTED_EDGE('',*,*,#3092,.T.);
#3092 = EDGE_CURVE('',#3084,#3093,#3095,.T.);
#3093 = VERTEX_POINT('',#3094);
#3094 = CARTESIAN_POINT('',(-1.015,5.E-02,0.7472726));
#3095 = LINE('',#3096,#3097);
#3096 = CARTESIAN_POINT('',(-1.015,5.E-02,0.88));
#3097 = VECTOR('',#3098,1.);
#3098 = DIRECTION('',(0.,0.,-1.));
#3099 = ORIENTED_EDGE('',*,*,#3100,.F.);
#3100 = EDGE_CURVE('',#3027,#3093,#3101,.T.);
#3101 = CIRCLE('',#3102,0.1272726);
#3102 = AXIS2_PLACEMENT_3D('',#3103,#3104,#3105);
#3103 = CARTESIAN_POINT('',(-1.1422726,5.E-02,0.7472726));
#3104 = DIRECTION('',(0.,-1.,0.));
#3105 = DIRECTION('',(0.,-0.,-1.));
#3106 = PLANE('',#3107);
#3107 = AXIS2_PLACEMENT_3D('',#3108,#3109,#3110);
#3108 = CARTESIAN_POINT('',(-1.435,5.E-02,0.75));
#3109 = DIRECTION('',(0.,1.,0.));
#3110 = DIRECTION('',(0.,0.,1.));
#3111 = ADVANCED_FACE('',(#3112),#3131,.T.);
#3112 = FACE_BOUND('',#3113,.T.);
#3113 = EDGE_LOOP('',(#3114,#3115,#3123,#3130));
#3114 = ORIENTED_EDGE('',*,*,#3100,.T.);
#3115 = ORIENTED_EDGE('',*,*,#3116,.T.);
#3116 = EDGE_CURVE('',#3093,#3117,#3119,.T.);
#3117 = VERTEX_POINT('',#3118);
#3118 = CARTESIAN_POINT('',(-1.015,0.,0.7472726));
#3119 = LINE('',#3120,#3121);
#3120 = CARTESIAN_POINT('',(-1.015,5.E-02,0.7472726));
#3121 = VECTOR('',#3122,1.);
#3122 = DIRECTION('',(0.,-1.,0.));
#3123 = ORIENTED_EDGE('',*,*,#3124,.F.);
#3124 = EDGE_CURVE('',#3037,#3117,#3125,.T.);
#3125 = CIRCLE('',#3126,0.1272726);
#3126 = AXIS2_PLACEMENT_3D('',#3127,#3128,#3129);
#3127 = CARTESIAN_POINT('',(-1.1422726,0.,0.7472726));
#3128 = DIRECTION('',(0.,-1.,0.));
#3129 = DIRECTION('',(0.,-0.,-1.));
#3130 = ORIENTED_EDGE('',*,*,#3036,.F.);
#3131 = CYLINDRICAL_SURFACE('',#3132,0.1272726);
#3132 = AXIS2_PLACEMENT_3D('',#3133,#3134,#3135);
#3133 = CARTESIAN_POINT('',(-1.1422726,5.E-02,0.7472726));
#3134 = DIRECTION('',(0.,-1.,0.));
#3135 = DIRECTION('',(0.,0.,-1.));
#3136 = ADVANCED_FACE('',(#3137),#3155,.T.);
#3137 = FACE_BOUND('',#3138,.T.);
#3138 = EDGE_LOOP('',(#3139,#3140,#3148,#3154));
#3139 = ORIENTED_EDGE('',*,*,#3052,.T.);
#3140 = ORIENTED_EDGE('',*,*,#3141,.T.);
#3141 = EDGE_CURVE('',#3045,#3142,#3144,.T.);
#3142 = VERTEX_POINT('',#3143);
#3143 = CARTESIAN_POINT('',(-1.5,0.,0.88));
#3144 = LINE('',#3145,#3146);
#3145 = CARTESIAN_POINT('',(-1.5,0.,-1.5));
#3146 = VECTOR('',#3147,1.);
#3147 = DIRECTION('',(0.,0.,1.));
#3148 = ORIENTED_EDGE('',*,*,#3149,.F.);
#3149 = EDGE_CURVE('',#3068,#3142,#3150,.T.);
#3150 = LINE('',#3151,#3152);
#3151 = CARTESIAN_POINT('',(-1.5,5.E-02,0.88));
#3152 = VECTOR('',#3153,1.);
#3153 = DIRECTION('',(0.,-1.,0.));
#3154 = ORIENTED_EDGE('',*,*,#3067,.F.);
#3155 = PLANE('',#3156);
#3156 = AXIS2_PLACEMENT_3D('',#3157,#3158,#3159);
#3157 = CARTESIAN_POINT('',(-1.5,5.E-02,0.62));
#3158 = DIRECTION('',(-1.,0.,0.));
#3159 = DIRECTION('',(0.,0.,1.));
#3160 = ADVANCED_FACE('',(#3161),#3189,.F.);
#3161 = FACE_BOUND('',#3162,.F.);
#3162 = EDGE_LOOP('',(#3163,#3164,#3165,#3173,#3182,#3188));
#3163 = ORIENTED_EDGE('',*,*,#3044,.T.);
#3164 = ORIENTED_EDGE('',*,*,#3141,.T.);
#3165 = ORIENTED_EDGE('',*,*,#3166,.T.);
#3166 = EDGE_CURVE('',#3142,#3167,#3169,.T.);
#3167 = VERTEX_POINT('',#3168);
#3168 = CARTESIAN_POINT('',(-1.1422726,0.,0.88));
#3169 = LINE('',#3170,#3171);
#3170 = CARTESIAN_POINT('',(-1.855,0.,0.88));
#3171 = VECTOR('',#3172,1.);
#3172 = DIRECTION('',(1.,0.,0.));
#3173 = ORIENTED_EDGE('',*,*,#3174,.F.);
#3174 = EDGE_CURVE('',#3175,#3167,#3177,.T.);
#3175 = VERTEX_POINT('',#3176);
#3176 = CARTESIAN_POINT('',(-1.015,0.,0.7527274));
#3177 = CIRCLE('',#3178,0.1272726);
#3178 = AXIS2_PLACEMENT_3D('',#3179,#3180,#3181);
#3179 = CARTESIAN_POINT('',(-1.1422726,0.,0.7527274));
#3180 = DIRECTION('',(0.,-1.,0.));
#3181 = DIRECTION('',(0.,-0.,-1.));
#3182 = ORIENTED_EDGE('',*,*,#3183,.T.);
#3183 = EDGE_CURVE('',#3175,#3117,#3184,.T.);
#3184 = LINE('',#3185,#3186);
#3185 = CARTESIAN_POINT('',(-1.015,0.,0.88));
#3186 = VECTOR('',#3187,1.);
#3187 = DIRECTION('',(0.,0.,-1.));
#3188 = ORIENTED_EDGE('',*,*,#3124,.F.);
#3189 = PLANE('',#3190);
#3190 = AXIS2_PLACEMENT_3D('',#3191,#3192,#3193);
#3191 = CARTESIAN_POINT('',(-1.435,0.,0.75));
#3192 = DIRECTION('',(0.,1.,0.));
#3193 = DIRECTION('',(0.,0.,1.));
#3194 = ADVANCED_FACE('',(#3195),#3206,.T.);
#3195 = FACE_BOUND('',#3196,.T.);
#3196 = EDGE_LOOP('',(#3197,#3198,#3204,#3205));
#3197 = ORIENTED_EDGE('',*,*,#3092,.F.);
#3198 = ORIENTED_EDGE('',*,*,#3199,.T.);
#3199 = EDGE_CURVE('',#3084,#3175,#3200,.T.);
#3200 = LINE('',#3201,#3202);
#3201 = CARTESIAN_POINT('',(-1.015,5.E-02,0.7527274));
#3202 = VECTOR('',#3203,1.);
#3203 = DIRECTION('',(0.,-1.,0.));
#3204 = ORIENTED_EDGE('',*,*,#3183,.T.);
#3205 = ORIENTED_EDGE('',*,*,#3116,.F.);
#3206 = PLANE('',#3207);
#3207 = AXIS2_PLACEMENT_3D('',#3208,#3209,#3210);
#3208 = CARTESIAN_POINT('',(-1.015,5.E-02,0.88));
#3209 = DIRECTION('',(1.,0.,0.));
#3210 = DIRECTION('',(0.,0.,-1.));
#3211 = ADVANCED_FACE('',(#3212),#3223,.T.);
#3212 = FACE_BOUND('',#3213,.T.);
#3213 = EDGE_LOOP('',(#3214,#3215,#3216,#3217));
#3214 = ORIENTED_EDGE('',*,*,#3075,.F.);
#3215 = ORIENTED_EDGE('',*,*,#3149,.T.);
#3216 = ORIENTED_EDGE('',*,*,#3166,.T.);
#3217 = ORIENTED_EDGE('',*,*,#3218,.F.);
#3218 = EDGE_CURVE('',#3076,#3167,#3219,.T.);
#3219 = LINE('',#3220,#3221);
#3220 = CARTESIAN_POINT('',(-1.1422726,5.E-02,0.88));
#3221 = VECTOR('',#3222,1.);
#3222 = DIRECTION('',(0.,-1.,0.));
#3223 = PLANE('',#3224);
#3224 = AXIS2_PLACEMENT_3D('',#3225,#3226,#3227);
#3225 = CARTESIAN_POINT('',(-1.5,5.E-02,0.88));
#3226 = DIRECTION('',(0.,0.,1.));
#3227 = DIRECTION('',(1.,0.,0.));
#3228 = ADVANCED_FACE('',(#3229),#3235,.T.);
#3229 = FACE_BOUND('',#3230,.T.);
#3230 = EDGE_LOOP('',(#3231,#3232,#3233,#3234));
#3231 = ORIENTED_EDGE('',*,*,#3083,.T.);
#3232 = ORIENTED_EDGE('',*,*,#3218,.T.);
#3233 = ORIENTED_EDGE('',*,*,#3174,.F.);
#3234 = ORIENTED_EDGE('',*,*,#3199,.F.);
#3235 = CYLINDRICAL_SURFACE('',#3236,0.1272726);
#3236 = AXIS2_PLACEMENT_3D('',#3237,#3238,#3239);
#3237 = CARTESIAN_POINT('',(-1.1422726,5.E-02,0.7527274));
#3238 = DIRECTION('',(0.,-1.,0.));
#3239 = DIRECTION('',(1.,0.,0.));
#3240 = ( GEOMETRIC_REPRESENTATION_CONTEXT(3) 
GLOBAL_UNCERTAINTY_ASSIGNED_CONTEXT((#3244)) 
GLOBAL_UNIT_ASSIGNED_CONTEXT((#3241,#3242,#3243)) REPRESENTATION_CONTEXT
('Context #1','3D Context with UNIT and UNCERTAINTY') );
#3241 = ( LENGTH_UNIT() NAMED_UNIT(*) SI_UNIT(.MILLI.,.METRE.) );
#3242 = ( NAMED_UNIT(*) PLANE_ANGLE_UNIT() SI_UNIT($,.RADIAN.) );
#3243 = ( NAMED_UNIT(*) SI_UNIT($,.STERADIAN.) SOLID_ANGLE_UNIT() );
#3244 = UNCERTAINTY_MEASURE_WITH_UNIT(LENGTH_MEASURE(1.E-07),#3241,
  'distance_accuracy_value','confusion accuracy');
#3245 = CONTEXT_DEPENDENT_SHAPE_REPRESENTATION(#3246,#3248);
#3246 = ( REPRESENTATION_RELATIONSHIP('','',#3019,#10) 
REPRESENTATION_RELATIONSHIP_WITH_TRANSFORMATION(#3247) 
SHAPE_REPRESENTATION_RELATIONSHIP() );
#3247 = ITEM_DEFINED_TRANSFORMATION('','',#11,#67);
#3248 = PRODUCT_DEFINITION_SHAPE('Placement','Placement of an item',
  #3249);
#3249 = NEXT_ASSEMBLY_USAGE_OCCURRENCE('7358','Pad_4_1','',#5,#3014,$);
#3250 = PRODUCT_RELATED_PRODUCT_CATEGORY('part',$,(#3016));
#3251 = SHAPE_DEFINITION_REPRESENTATION(#3252,#3258);
#3252 = PRODUCT_DEFINITION_SHAPE('','',#3253);
#3253 = PRODUCT_DEFINITION('design','',#3254,#3257);
#3254 = PRODUCT_DEFINITION_FORMATION('','',#3255);
#3255 = PRODUCT('Pad_9_1','Pad_9_1','',(#3256));
#3256 = PRODUCT_CONTEXT('',#2,'mechanical');
#3257 = PRODUCT_DEFINITION_CONTEXT('part definition',#2,'design');
#3258 = ADVANCED_BREP_SHAPE_REPRESENTATION('',(#11,#3259),#3479);
#3259 = MANIFOLD_SOLID_BREP('',#3260);
#3260 = CLOSED_SHELL('',(#3261,#3301,#3350,#3375,#3400,#3433,#3450,#3467
    ));
#3261 = ADVANCED_FACE('',(#3262),#3296,.T.);
#3262 = FACE_BOUND('',#3263,.T.);
#3263 = EDGE_LOOP('',(#3264,#3274,#3282,#3290));
#3264 = ORIENTED_EDGE('',*,*,#3265,.F.);
#3265 = EDGE_CURVE('',#3266,#3268,#3270,.T.);
#3266 = VERTEX_POINT('',#3267);
#3267 = CARTESIAN_POINT('',(1.015,5.E-02,0.7472726));
#3268 = VERTEX_POINT('',#3269);
#3269 = CARTESIAN_POINT('',(1.015,5.E-02,0.7527274));
#3270 = LINE('',#3271,#3272);
#3271 = CARTESIAN_POINT('',(1.015,5.E-02,0.62));
#3272 = VECTOR('',#3273,1.);
#3273 = DIRECTION('',(0.,0.,1.));
#3274 = ORIENTED_EDGE('',*,*,#3275,.T.);
#3275 = EDGE_CURVE('',#3266,#3276,#3278,.T.);
#3276 = VERTEX_POINT('',#3277);
#3277 = CARTESIAN_POINT('',(1.015,0.,0.7472726));
#3278 = LINE('',#3279,#3280);
#3279 = CARTESIAN_POINT('',(1.015,5.E-02,0.7472726));
#3280 = VECTOR('',#3281,1.);
#3281 = DIRECTION('',(0.,-1.,0.));
#3282 = ORIENTED_EDGE('',*,*,#3283,.T.);
#3283 = EDGE_CURVE('',#3276,#3284,#3286,.T.);
#3284 = VERTEX_POINT('',#3285);
#3285 = CARTESIAN_POINT('',(1.015,0.,0.7527274));
#3286 = LINE('',#3287,#3288);
#3287 = CARTESIAN_POINT('',(1.015,0.,0.62));
#3288 = VECTOR('',#3289,1.);
#3289 = DIRECTION('',(0.,0.,1.));
#3290 = ORIENTED_EDGE('',*,*,#3291,.F.);
#3291 = EDGE_CURVE('',#3268,#3284,#3292,.T.);
#3292 = LINE('',#3293,#3294);
#3293 = CARTESIAN_POINT('',(1.015,5.E-02,0.7527274));
#3294 = VECTOR('',#3295,1.);
#3295 = DIRECTION('',(0.,-1.,0.));
#3296 = PLANE('',#3297);
#3297 = AXIS2_PLACEMENT_3D('',#3298,#3299,#3300);
#3298 = CARTESIAN_POINT('',(1.015,5.E-02,0.62));
#3299 = DIRECTION('',(-1.,0.,0.));
#3300 = DIRECTION('',(0.,0.,1.));
#3301 = ADVANCED_FACE('',(#3302),#3345,.T.);
#3302 = FACE_BOUND('',#3303,.T.);
#3303 = EDGE_LOOP('',(#3304,#3305,#3314,#3322,#3330,#3338));
#3304 = ORIENTED_EDGE('',*,*,#3265,.T.);
#3305 = ORIENTED_EDGE('',*,*,#3306,.T.);
#3306 = EDGE_CURVE('',#3268,#3307,#3309,.T.);
#3307 = VERTEX_POINT('',#3308);
#3308 = CARTESIAN_POINT('',(1.1422726,5.E-02,0.88));
#3309 = CIRCLE('',#3310,0.1272726);
#3310 = AXIS2_PLACEMENT_3D('',#3311,#3312,#3313);
#3311 = CARTESIAN_POINT('',(1.1422726,5.E-02,0.7527274));
#3312 = DIRECTION('',(-0.,1.,0.));
#3313 = DIRECTION('',(0.,0.,-1.));
#3314 = ORIENTED_EDGE('',*,*,#3315,.T.);
#3315 = EDGE_CURVE('',#3307,#3316,#3318,.T.);
#3316 = VERTEX_POINT('',#3317);
#3317 = CARTESIAN_POINT('',(1.5,5.E-02,0.88));
#3318 = LINE('',#3319,#3320);
#3319 = CARTESIAN_POINT('',(1.015,5.E-02,0.88));
#3320 = VECTOR('',#3321,1.);
#3321 = DIRECTION('',(1.,0.,0.));
#3322 = ORIENTED_EDGE('',*,*,#3323,.T.);
#3323 = EDGE_CURVE('',#3316,#3324,#3326,.T.);
#3324 = VERTEX_POINT('',#3325);
#3325 = CARTESIAN_POINT('',(1.5,5.E-02,0.62));
#3326 = LINE('',#3327,#3328);
#3327 = CARTESIAN_POINT('',(1.5,5.E-02,1.5));
#3328 = VECTOR('',#3329,1.);
#3329 = DIRECTION('',(0.,0.,-1.));
#3330 = ORIENTED_EDGE('',*,*,#3331,.T.);
#3331 = EDGE_CURVE('',#3324,#3332,#3334,.T.);
#3332 = VERTEX_POINT('',#3333);
#3333 = CARTESIAN_POINT('',(1.1422726,5.E-02,0.62));
#3334 = LINE('',#3335,#3336);
#3335 = CARTESIAN_POINT('',(1.855,5.E-02,0.62));
#3336 = VECTOR('',#3337,1.);
#3337 = DIRECTION('',(-1.,0.,0.));
#3338 = ORIENTED_EDGE('',*,*,#3339,.F.);
#3339 = EDGE_CURVE('',#3266,#3332,#3340,.T.);
#3340 = CIRCLE('',#3341,0.1272726);
#3341 = AXIS2_PLACEMENT_3D('',#3342,#3343,#3344);
#3342 = CARTESIAN_POINT('',(1.1422726,5.E-02,0.7472726));
#3343 = DIRECTION('',(0.,-1.,0.));
#3344 = DIRECTION('',(0.,-0.,-1.));
#3345 = PLANE('',#3346);
#3346 = AXIS2_PLACEMENT_3D('',#3347,#3348,#3349);
#3347 = CARTESIAN_POINT('',(1.435,5.E-02,0.75));
#3348 = DIRECTION('',(0.,1.,0.));
#3349 = DIRECTION('',(0.,0.,1.));
#3350 = ADVANCED_FACE('',(#3351),#3370,.T.);
#3351 = FACE_BOUND('',#3352,.T.);
#3352 = EDGE_LOOP('',(#3353,#3354,#3362,#3369));
#3353 = ORIENTED_EDGE('',*,*,#3339,.T.);
#3354 = ORIENTED_EDGE('',*,*,#3355,.T.);
#3355 = EDGE_CURVE('',#3332,#3356,#3358,.T.);
#3356 = VERTEX_POINT('',#3357);
#3357 = CARTESIAN_POINT('',(1.1422726,0.,0.62));
#3358 = LINE('',#3359,#3360);
#3359 = CARTESIAN_POINT('',(1.1422726,5.E-02,0.62));
#3360 = VECTOR('',#3361,1.);
#3361 = DIRECTION('',(0.,-1.,0.));
#3362 = ORIENTED_EDGE('',*,*,#3363,.F.);
#3363 = EDGE_CURVE('',#3276,#3356,#3364,.T.);
#3364 = CIRCLE('',#3365,0.1272726);
#3365 = AXIS2_PLACEMENT_3D('',#3366,#3367,#3368);
#3366 = CARTESIAN_POINT('',(1.1422726,0.,0.7472726));
#3367 = DIRECTION('',(0.,-1.,0.));
#3368 = DIRECTION('',(0.,-0.,-1.));
#3369 = ORIENTED_EDGE('',*,*,#3275,.F.);
#3370 = CYLINDRICAL_SURFACE('',#3371,0.1272726);
#3371 = AXIS2_PLACEMENT_3D('',#3372,#3373,#3374);
#3372 = CARTESIAN_POINT('',(1.1422726,5.E-02,0.7472726));
#3373 = DIRECTION('',(0.,-1.,0.));
#3374 = DIRECTION('',(-1.,0.,0.));
#3375 = ADVANCED_FACE('',(#3376),#3395,.T.);
#3376 = FACE_BOUND('',#3377,.F.);
#3377 = EDGE_LOOP('',(#3378,#3379,#3387,#3394));
#3378 = ORIENTED_EDGE('',*,*,#3306,.T.);
#3379 = ORIENTED_EDGE('',*,*,#3380,.T.);
#3380 = EDGE_CURVE('',#3307,#3381,#3383,.T.);
#3381 = VERTEX_POINT('',#3382);
#3382 = CARTESIAN_POINT('',(1.1422726,0.,0.88));
#3383 = LINE('',#3384,#3385);
#3384 = CARTESIAN_POINT('',(1.1422726,5.E-02,0.88));
#3385 = VECTOR('',#3386,1.);
#3386 = DIRECTION('',(0.,-1.,0.));
#3387 = ORIENTED_EDGE('',*,*,#3388,.F.);
#3388 = EDGE_CURVE('',#3284,#3381,#3389,.T.);
#3389 = CIRCLE('',#3390,0.1272726);
#3390 = AXIS2_PLACEMENT_3D('',#3391,#3392,#3393);
#3391 = CARTESIAN_POINT('',(1.1422726,0.,0.7527274));
#3392 = DIRECTION('',(-0.,1.,0.));
#3393 = DIRECTION('',(0.,0.,-1.));
#3394 = ORIENTED_EDGE('',*,*,#3291,.F.);
#3395 = CYLINDRICAL_SURFACE('',#3396,0.1272726);
#3396 = AXIS2_PLACEMENT_3D('',#3397,#3398,#3399);
#3397 = CARTESIAN_POINT('',(1.1422726,5.E-02,0.7527274));
#3398 = DIRECTION('',(0.,-1.,0.));
#3399 = DIRECTION('',(-1.,0.,0.));
#3400 = ADVANCED_FACE('',(#3401),#3428,.F.);
#3401 = FACE_BOUND('',#3402,.F.);
#3402 = EDGE_LOOP('',(#3403,#3404,#3405,#3413,#3421,#3427));
#3403 = ORIENTED_EDGE('',*,*,#3283,.T.);
#3404 = ORIENTED_EDGE('',*,*,#3388,.T.);
#3405 = ORIENTED_EDGE('',*,*,#3406,.T.);
#3406 = EDGE_CURVE('',#3381,#3407,#3409,.T.);
#3407 = VERTEX_POINT('',#3408);
#3408 = CARTESIAN_POINT('',(1.5,0.,0.88));
#3409 = LINE('',#3410,#3411);
#3410 = CARTESIAN_POINT('',(1.015,0.,0.88));
#3411 = VECTOR('',#3412,1.);
#3412 = DIRECTION('',(1.,0.,0.));
#3413 = ORIENTED_EDGE('',*,*,#3414,.T.);
#3414 = EDGE_CURVE('',#3407,#3415,#3417,.T.);
#3415 = VERTEX_POINT('',#3416);
#3416 = CARTESIAN_POINT('',(1.5,0.,0.62));
#3417 = LINE('',#3418,#3419);
#3418 = CARTESIAN_POINT('',(1.5,0.,1.5));
#3419 = VECTOR('',#3420,1.);
#3420 = DIRECTION('',(0.,0.,-1.));
#3421 = ORIENTED_EDGE('',*,*,#3422,.T.);
#3422 = EDGE_CURVE('',#3415,#3356,#3423,.T.);
#3423 = LINE('',#3424,#3425);
#3424 = CARTESIAN_POINT('',(1.855,0.,0.62));
#3425 = VECTOR('',#3426,1.);
#3426 = DIRECTION('',(-1.,0.,0.));
#3427 = ORIENTED_EDGE('',*,*,#3363,.F.);
#3428 = PLANE('',#3429);
#3429 = AXIS2_PLACEMENT_3D('',#3430,#3431,#3432);
#3430 = CARTESIAN_POINT('',(1.435,0.,0.75));
#3431 = DIRECTION('',(0.,1.,0.));
#3432 = DIRECTION('',(0.,0.,1.));
#3433 = ADVANCED_FACE('',(#3434),#3445,.T.);
#3434 = FACE_BOUND('',#3435,.T.);
#3435 = EDGE_LOOP('',(#3436,#3437,#3443,#3444));
#3436 = ORIENTED_EDGE('',*,*,#3331,.F.);
#3437 = ORIENTED_EDGE('',*,*,#3438,.T.);
#3438 = EDGE_CURVE('',#3324,#3415,#3439,.T.);
#3439 = LINE('',#3440,#3441);
#3440 = CARTESIAN_POINT('',(1.5,5.E-02,0.62));
#3441 = VECTOR('',#3442,1.);
#3442 = DIRECTION('',(0.,-1.,0.));
#3443 = ORIENTED_EDGE('',*,*,#3422,.T.);
#3444 = ORIENTED_EDGE('',*,*,#3355,.F.);
#3445 = PLANE('',#3446);
#3446 = AXIS2_PLACEMENT_3D('',#3447,#3448,#3449);
#3447 = CARTESIAN_POINT('',(1.5,5.E-02,0.62));
#3448 = DIRECTION('',(-0.,-0.,-1.));
#3449 = DIRECTION('',(-1.,0.,0.));
#3450 = ADVANCED_FACE('',(#3451),#3462,.T.);
#3451 = FACE_BOUND('',#3452,.T.);
#3452 = EDGE_LOOP('',(#3453,#3454,#3455,#3456));
#3453 = ORIENTED_EDGE('',*,*,#3315,.F.);
#3454 = ORIENTED_EDGE('',*,*,#3380,.T.);
#3455 = ORIENTED_EDGE('',*,*,#3406,.T.);
#3456 = ORIENTED_EDGE('',*,*,#3457,.F.);
#3457 = EDGE_CURVE('',#3316,#3407,#3458,.T.);
#3458 = LINE('',#3459,#3460);
#3459 = CARTESIAN_POINT('',(1.5,5.E-02,0.88));
#3460 = VECTOR('',#3461,1.);
#3461 = DIRECTION('',(0.,-1.,0.));
#3462 = PLANE('',#3463);
#3463 = AXIS2_PLACEMENT_3D('',#3464,#3465,#3466);
#3464 = CARTESIAN_POINT('',(1.015,5.E-02,0.88));
#3465 = DIRECTION('',(0.,0.,1.));
#3466 = DIRECTION('',(1.,0.,0.));
#3467 = ADVANCED_FACE('',(#3468),#3474,.T.);
#3468 = FACE_BOUND('',#3469,.T.);
#3469 = EDGE_LOOP('',(#3470,#3471,#3472,#3473));
#3470 = ORIENTED_EDGE('',*,*,#3457,.T.);
#3471 = ORIENTED_EDGE('',*,*,#3414,.T.);
#3472 = ORIENTED_EDGE('',*,*,#3438,.F.);
#3473 = ORIENTED_EDGE('',*,*,#3323,.F.);
#3474 = PLANE('',#3475);
#3475 = AXIS2_PLACEMENT_3D('',#3476,#3477,#3478);
#3476 = CARTESIAN_POINT('',(1.5,5.E-02,0.88));
#3477 = DIRECTION('',(1.,0.,0.));
#3478 = DIRECTION('',(0.,0.,-1.));
#3479 = ( GEOMETRIC_REPRESENTATION_CONTEXT(3) 
GLOBAL_UNCERTAINTY_ASSIGNED_CONTEXT((#3483)) 
GLOBAL_UNIT_ASSIGNED_CONTEXT((#3480,#3481,#3482)) REPRESENTATION_CONTEXT
('Context #1','3D Context with UNIT and UNCERTAINTY') );
#3480 = ( LENGTH_UNIT() NAMED_UNIT(*) SI_UNIT(.MILLI.,.METRE.) );
#3481 = ( NAMED_UNIT(*) PLANE_ANGLE_UNIT() SI_UNIT($,.RADIAN.) );
#3482 = ( NAMED_UNIT(*) SI_UNIT($,.STERADIAN.) SOLID_ANGLE_UNIT() );
#3483 = UNCERTAINTY_MEASURE_WITH_UNIT(LENGTH_MEASURE(1.E-07),#3480,
  'distance_accuracy_value','confusion accuracy');
#3484 = CONTEXT_DEPENDENT_SHAPE_REPRESENTATION(#3485,#3487);
#3485 = ( REPRESENTATION_RELATIONSHIP('','',#3258,#10) 
REPRESENTATION_RELATIONSHIP_WITH_TRANSFORMATION(#3486) 
SHAPE_REPRESENTATION_RELATIONSHIP() );
#3486 = ITEM_DEFINED_TRANSFORMATION('','',#11,#71);
#3487 = PRODUCT_DEFINITION_SHAPE('Placement','Placement of an item',
  #3488);
#3488 = NEXT_ASSEMBLY_USAGE_OCCURRENCE('7359','Pad_9_1','',#5,#3253,$);
#3489 = PRODUCT_RELATED_PRODUCT_CATEGORY('part',$,(#3255));
#3490 = SHAPE_DEFINITION_REPRESENTATION(#3491,#3497);
#3491 = PRODUCT_DEFINITION_SHAPE('','',#3492);
#3492 = PRODUCT_DEFINITION('design','',#3493,#3496);
#3493 = PRODUCT_DEFINITION_FORMATION('','',#3494);
#3494 = PRODUCT('Pad_10_1','Pad_10_1','',(#3495));
#3495 = PRODUCT_CONTEXT('',#2,'mechanical');
#3496 = PRODUCT_DEFINITION_CONTEXT('part definition',#2,'design');
#3497 = ADVANCED_BREP_SHAPE_REPRESENTATION('',(#11,#3498),#3718);
#3498 = MANIFOLD_SOLID_BREP('',#3499);
#3499 = CLOSED_SHELL('',(#3500,#3540,#3589,#3614,#3639,#3672,#3689,#3706
    ));
#3500 = ADVANCED_FACE('',(#3501),#3535,.T.);
#3501 = FACE_BOUND('',#3502,.T.);
#3502 = EDGE_LOOP('',(#3503,#3513,#3521,#3529));
#3503 = ORIENTED_EDGE('',*,*,#3504,.F.);
#3504 = EDGE_CURVE('',#3505,#3507,#3509,.T.);
#3505 = VERTEX_POINT('',#3506);
#3506 = CARTESIAN_POINT('',(1.015,5.E-02,0.2472726));
#3507 = VERTEX_POINT('',#3508);
#3508 = CARTESIAN_POINT('',(1.015,5.E-02,0.2527274));
#3509 = LINE('',#3510,#3511);
#3510 = CARTESIAN_POINT('',(1.015,5.E-02,0.12));
#3511 = VECTOR('',#3512,1.);
#3512 = DIRECTION('',(0.,0.,1.));
#3513 = ORIENTED_EDGE('',*,*,#3514,.T.);
#3514 = EDGE_CURVE('',#3505,#3515,#3517,.T.);
#3515 = VERTEX_POINT('',#3516);
#3516 = CARTESIAN_POINT('',(1.015,0.,0.2472726));
#3517 = LINE('',#3518,#3519);
#3518 = CARTESIAN_POINT('',(1.015,5.E-02,0.2472726));
#3519 = VECTOR('',#3520,1.);
#3520 = DIRECTION('',(0.,-1.,0.));
#3521 = ORIENTED_EDGE('',*,*,#3522,.T.);
#3522 = EDGE_CURVE('',#3515,#3523,#3525,.T.);
#3523 = VERTEX_POINT('',#3524);
#3524 = CARTESIAN_POINT('',(1.015,0.,0.2527274));
#3525 = LINE('',#3526,#3527);
#3526 = CARTESIAN_POINT('',(1.015,0.,0.12));
#3527 = VECTOR('',#3528,1.);
#3528 = DIRECTION('',(0.,0.,1.));
#3529 = ORIENTED_EDGE('',*,*,#3530,.F.);
#3530 = EDGE_CURVE('',#3507,#3523,#3531,.T.);
#3531 = LINE('',#3532,#3533);
#3532 = CARTESIAN_POINT('',(1.015,5.E-02,0.2527274));
#3533 = VECTOR('',#3534,1.);
#3534 = DIRECTION('',(0.,-1.,0.));
#3535 = PLANE('',#3536);
#3536 = AXIS2_PLACEMENT_3D('',#3537,#3538,#3539);
#3537 = CARTESIAN_POINT('',(1.015,5.E-02,0.12));
#3538 = DIRECTION('',(-1.,0.,0.));
#3539 = DIRECTION('',(0.,0.,1.));
#3540 = ADVANCED_FACE('',(#3541),#3584,.T.);
#3541 = FACE_BOUND('',#3542,.T.);
#3542 = EDGE_LOOP('',(#3543,#3544,#3553,#3561,#3569,#3577));
#3543 = ORIENTED_EDGE('',*,*,#3504,.T.);
#3544 = ORIENTED_EDGE('',*,*,#3545,.T.);
#3545 = EDGE_CURVE('',#3507,#3546,#3548,.T.);
#3546 = VERTEX_POINT('',#3547);
#3547 = CARTESIAN_POINT('',(1.1422726,5.E-02,0.38));
#3548 = CIRCLE('',#3549,0.1272726);
#3549 = AXIS2_PLACEMENT_3D('',#3550,#3551,#3552);
#3550 = CARTESIAN_POINT('',(1.1422726,5.E-02,0.2527274));
#3551 = DIRECTION('',(-0.,1.,0.));
#3552 = DIRECTION('',(0.,0.,-1.));
#3553 = ORIENTED_EDGE('',*,*,#3554,.T.);
#3554 = EDGE_CURVE('',#3546,#3555,#3557,.T.);
#3555 = VERTEX_POINT('',#3556);
#3556 = CARTESIAN_POINT('',(1.5,5.E-02,0.38));
#3557 = LINE('',#3558,#3559);
#3558 = CARTESIAN_POINT('',(1.015,5.E-02,0.38));
#3559 = VECTOR('',#3560,1.);
#3560 = DIRECTION('',(1.,0.,0.));
#3561 = ORIENTED_EDGE('',*,*,#3562,.T.);
#3562 = EDGE_CURVE('',#3555,#3563,#3565,.T.);
#3563 = VERTEX_POINT('',#3564);
#3564 = CARTESIAN_POINT('',(1.5,5.E-02,0.12));
#3565 = LINE('',#3566,#3567);
#3566 = CARTESIAN_POINT('',(1.5,5.E-02,1.5));
#3567 = VECTOR('',#3568,1.);
#3568 = DIRECTION('',(0.,0.,-1.));
#3569 = ORIENTED_EDGE('',*,*,#3570,.T.);
#3570 = EDGE_CURVE('',#3563,#3571,#3573,.T.);
#3571 = VERTEX_POINT('',#3572);
#3572 = CARTESIAN_POINT('',(1.1422726,5.E-02,0.12));
#3573 = LINE('',#3574,#3575);
#3574 = CARTESIAN_POINT('',(1.855,5.E-02,0.12));
#3575 = VECTOR('',#3576,1.);
#3576 = DIRECTION('',(-1.,0.,0.));
#3577 = ORIENTED_EDGE('',*,*,#3578,.F.);
#3578 = EDGE_CURVE('',#3505,#3571,#3579,.T.);
#3579 = CIRCLE('',#3580,0.1272726);
#3580 = AXIS2_PLACEMENT_3D('',#3581,#3582,#3583);
#3581 = CARTESIAN_POINT('',(1.1422726,5.E-02,0.2472726));
#3582 = DIRECTION('',(0.,-1.,0.));
#3583 = DIRECTION('',(0.,-0.,-1.));
#3584 = PLANE('',#3585);
#3585 = AXIS2_PLACEMENT_3D('',#3586,#3587,#3588);
#3586 = CARTESIAN_POINT('',(1.435,5.E-02,0.25));
#3587 = DIRECTION('',(0.,1.,0.));
#3588 = DIRECTION('',(0.,0.,1.));
#3589 = ADVANCED_FACE('',(#3590),#3609,.T.);
#3590 = FACE_BOUND('',#3591,.T.);
#3591 = EDGE_LOOP('',(#3592,#3593,#3601,#3608));
#3592 = ORIENTED_EDGE('',*,*,#3578,.T.);
#3593 = ORIENTED_EDGE('',*,*,#3594,.T.);
#3594 = EDGE_CURVE('',#3571,#3595,#3597,.T.);
#3595 = VERTEX_POINT('',#3596);
#3596 = CARTESIAN_POINT('',(1.1422726,0.,0.12));
#3597 = LINE('',#3598,#3599);
#3598 = CARTESIAN_POINT('',(1.1422726,5.E-02,0.12));
#3599 = VECTOR('',#3600,1.);
#3600 = DIRECTION('',(0.,-1.,0.));
#3601 = ORIENTED_EDGE('',*,*,#3602,.F.);
#3602 = EDGE_CURVE('',#3515,#3595,#3603,.T.);
#3603 = CIRCLE('',#3604,0.1272726);
#3604 = AXIS2_PLACEMENT_3D('',#3605,#3606,#3607);
#3605 = CARTESIAN_POINT('',(1.1422726,0.,0.2472726));
#3606 = DIRECTION('',(0.,-1.,0.));
#3607 = DIRECTION('',(0.,-0.,-1.));
#3608 = ORIENTED_EDGE('',*,*,#3514,.F.);
#3609 = CYLINDRICAL_SURFACE('',#3610,0.1272726);
#3610 = AXIS2_PLACEMENT_3D('',#3611,#3612,#3613);
#3611 = CARTESIAN_POINT('',(1.1422726,5.E-02,0.2472726));
#3612 = DIRECTION('',(0.,-1.,0.));
#3613 = DIRECTION('',(-1.,0.,0.));
#3614 = ADVANCED_FACE('',(#3615),#3634,.T.);
#3615 = FACE_BOUND('',#3616,.F.);
#3616 = EDGE_LOOP('',(#3617,#3618,#3626,#3633));
#3617 = ORIENTED_EDGE('',*,*,#3545,.T.);
#3618 = ORIENTED_EDGE('',*,*,#3619,.T.);
#3619 = EDGE_CURVE('',#3546,#3620,#3622,.T.);
#3620 = VERTEX_POINT('',#3621);
#3621 = CARTESIAN_POINT('',(1.1422726,0.,0.38));
#3622 = LINE('',#3623,#3624);
#3623 = CARTESIAN_POINT('',(1.1422726,5.E-02,0.38));
#3624 = VECTOR('',#3625,1.);
#3625 = DIRECTION('',(0.,-1.,0.));
#3626 = ORIENTED_EDGE('',*,*,#3627,.F.);
#3627 = EDGE_CURVE('',#3523,#3620,#3628,.T.);
#3628 = CIRCLE('',#3629,0.1272726);
#3629 = AXIS2_PLACEMENT_3D('',#3630,#3631,#3632);
#3630 = CARTESIAN_POINT('',(1.1422726,0.,0.2527274));
#3631 = DIRECTION('',(-0.,1.,0.));
#3632 = DIRECTION('',(0.,0.,-1.));
#3633 = ORIENTED_EDGE('',*,*,#3530,.F.);
#3634 = CYLINDRICAL_SURFACE('',#3635,0.1272726);
#3635 = AXIS2_PLACEMENT_3D('',#3636,#3637,#3638);
#3636 = CARTESIAN_POINT('',(1.1422726,5.E-02,0.2527274));
#3637 = DIRECTION('',(0.,-1.,0.));
#3638 = DIRECTION('',(-1.,0.,0.));
#3639 = ADVANCED_FACE('',(#3640),#3667,.F.);
#3640 = FACE_BOUND('',#3641,.F.);
#3641 = EDGE_LOOP('',(#3642,#3643,#3644,#3652,#3660,#3666));
#3642 = ORIENTED_EDGE('',*,*,#3522,.T.);
#3643 = ORIENTED_EDGE('',*,*,#3627,.T.);
#3644 = ORIENTED_EDGE('',*,*,#3645,.T.);
#3645 = EDGE_CURVE('',#3620,#3646,#3648,.T.);
#3646 = VERTEX_POINT('',#3647);
#3647 = CARTESIAN_POINT('',(1.5,0.,0.38));
#3648 = LINE('',#3649,#3650);
#3649 = CARTESIAN_POINT('',(1.015,0.,0.38));
#3650 = VECTOR('',#3651,1.);
#3651 = DIRECTION('',(1.,0.,0.));
#3652 = ORIENTED_EDGE('',*,*,#3653,.T.);
#3653 = EDGE_CURVE('',#3646,#3654,#3656,.T.);
#3654 = VERTEX_POINT('',#3655);
#3655 = CARTESIAN_POINT('',(1.5,0.,0.12));
#3656 = LINE('',#3657,#3658);
#3657 = CARTESIAN_POINT('',(1.5,0.,1.5));
#3658 = VECTOR('',#3659,1.);
#3659 = DIRECTION('',(0.,0.,-1.));
#3660 = ORIENTED_EDGE('',*,*,#3661,.T.);
#3661 = EDGE_CURVE('',#3654,#3595,#3662,.T.);
#3662 = LINE('',#3663,#3664);
#3663 = CARTESIAN_POINT('',(1.855,0.,0.12));
#3664 = VECTOR('',#3665,1.);
#3665 = DIRECTION('',(-1.,0.,0.));
#3666 = ORIENTED_EDGE('',*,*,#3602,.F.);
#3667 = PLANE('',#3668);
#3668 = AXIS2_PLACEMENT_3D('',#3669,#3670,#3671);
#3669 = CARTESIAN_POINT('',(1.435,0.,0.25));
#3670 = DIRECTION('',(0.,1.,0.));
#3671 = DIRECTION('',(0.,0.,1.));
#3672 = ADVANCED_FACE('',(#3673),#3684,.T.);
#3673 = FACE_BOUND('',#3674,.T.);
#3674 = EDGE_LOOP('',(#3675,#3676,#3682,#3683));
#3675 = ORIENTED_EDGE('',*,*,#3570,.F.);
#3676 = ORIENTED_EDGE('',*,*,#3677,.T.);
#3677 = EDGE_CURVE('',#3563,#3654,#3678,.T.);
#3678 = LINE('',#3679,#3680);
#3679 = CARTESIAN_POINT('',(1.5,5.E-02,0.12));
#3680 = VECTOR('',#3681,1.);
#3681 = DIRECTION('',(0.,-1.,0.));
#3682 = ORIENTED_EDGE('',*,*,#3661,.T.);
#3683 = ORIENTED_EDGE('',*,*,#3594,.F.);
#3684 = PLANE('',#3685);
#3685 = AXIS2_PLACEMENT_3D('',#3686,#3687,#3688);
#3686 = CARTESIAN_POINT('',(1.5,5.E-02,0.12));
#3687 = DIRECTION('',(-0.,-0.,-1.));
#3688 = DIRECTION('',(-1.,0.,0.));
#3689 = ADVANCED_FACE('',(#3690),#3701,.T.);
#3690 = FACE_BOUND('',#3691,.T.);
#3691 = EDGE_LOOP('',(#3692,#3693,#3694,#3695));
#3692 = ORIENTED_EDGE('',*,*,#3554,.F.);
#3693 = ORIENTED_EDGE('',*,*,#3619,.T.);
#3694 = ORIENTED_EDGE('',*,*,#3645,.T.);
#3695 = ORIENTED_EDGE('',*,*,#3696,.F.);
#3696 = EDGE_CURVE('',#3555,#3646,#3697,.T.);
#3697 = LINE('',#3698,#3699);
#3698 = CARTESIAN_POINT('',(1.5,5.E-02,0.38));
#3699 = VECTOR('',#3700,1.);
#3700 = DIRECTION('',(0.,-1.,0.));
#3701 = PLANE('',#3702);
#3702 = AXIS2_PLACEMENT_3D('',#3703,#3704,#3705);
#3703 = CARTESIAN_POINT('',(1.015,5.E-02,0.38));
#3704 = DIRECTION('',(0.,0.,1.));
#3705 = DIRECTION('',(1.,0.,0.));
#3706 = ADVANCED_FACE('',(#3707),#3713,.T.);
#3707 = FACE_BOUND('',#3708,.T.);
#3708 = EDGE_LOOP('',(#3709,#3710,#3711,#3712));
#3709 = ORIENTED_EDGE('',*,*,#3696,.T.);
#3710 = ORIENTED_EDGE('',*,*,#3653,.T.);
#3711 = ORIENTED_EDGE('',*,*,#3677,.F.);
#3712 = ORIENTED_EDGE('',*,*,#3562,.F.);
#3713 = PLANE('',#3714);
#3714 = AXIS2_PLACEMENT_3D('',#3715,#3716,#3717);
#3715 = CARTESIAN_POINT('',(1.5,5.E-02,0.38));
#3716 = DIRECTION('',(1.,0.,0.));
#3717 = DIRECTION('',(0.,0.,-1.));
#3718 = ( GEOMETRIC_REPRESENTATION_CONTEXT(3) 
GLOBAL_UNCERTAINTY_ASSIGNED_CONTEXT((#3722)) 
GLOBAL_UNIT_ASSIGNED_CONTEXT((#3719,#3720,#3721)) REPRESENTATION_CONTEXT
('Context #1','3D Context with UNIT and UNCERTAINTY') );
#3719 = ( LENGTH_UNIT() NAMED_UNIT(*) SI_UNIT(.MILLI.,.METRE.) );
#3720 = ( NAMED_UNIT(*) PLANE_ANGLE_UNIT() SI_UNIT($,.RADIAN.) );
#3721 = ( NAMED_UNIT(*) SI_UNIT($,.STERADIAN.) SOLID_ANGLE_UNIT() );
#3722 = UNCERTAINTY_MEASURE_WITH_UNIT(LENGTH_MEASURE(1.E-07),#3719,
  'distance_accuracy_value','confusion accuracy');
#3723 = CONTEXT_DEPENDENT_SHAPE_REPRESENTATION(#3724,#3726);
#3724 = ( REPRESENTATION_RELATIONSHIP('','',#3497,#10) 
REPRESENTATION_RELATIONSHIP_WITH_TRANSFORMATION(#3725) 
SHAPE_REPRESENTATION_RELATIONSHIP() );
#3725 = ITEM_DEFINED_TRANSFORMATION('','',#11,#75);
#3726 = PRODUCT_DEFINITION_SHAPE('Placement','Placement of an item',
  #3727);
#3727 = NEXT_ASSEMBLY_USAGE_OCCURRENCE('7360','Pad_10_1','',#5,#3492,$);
#3728 = PRODUCT_RELATED_PRODUCT_CATEGORY('part',$,(#3494));
#3729 = SHAPE_DEFINITION_REPRESENTATION(#3730,#3736);
#3730 = PRODUCT_DEFINITION_SHAPE('','',#3731);
#3731 = PRODUCT_DEFINITION('design','',#3732,#3735);
#3732 = PRODUCT_DEFINITION_FORMATION('','',#3733);
#3733 = PRODUCT('Pad_11_1','Pad_11_1','',(#3734));
#3734 = PRODUCT_CONTEXT('',#2,'mechanical');
#3735 = PRODUCT_DEFINITION_CONTEXT('part definition',#2,'design');
#3736 = ADVANCED_BREP_SHAPE_REPRESENTATION('',(#11,#3737),#3957);
#3737 = MANIFOLD_SOLID_BREP('',#3738);
#3738 = CLOSED_SHELL('',(#3739,#3779,#3828,#3853,#3878,#3911,#3928,#3945
    ));
#3739 = ADVANCED_FACE('',(#3740),#3774,.T.);
#3740 = FACE_BOUND('',#3741,.T.);
#3741 = EDGE_LOOP('',(#3742,#3752,#3760,#3768));
#3742 = ORIENTED_EDGE('',*,*,#3743,.F.);
#3743 = EDGE_CURVE('',#3744,#3746,#3748,.T.);
#3744 = VERTEX_POINT('',#3745);
#3745 = CARTESIAN_POINT('',(1.015,5.E-02,-0.2527274));
#3746 = VERTEX_POINT('',#3747);
#3747 = CARTESIAN_POINT('',(1.015,5.E-02,-0.2472726));
#3748 = LINE('',#3749,#3750);
#3749 = CARTESIAN_POINT('',(1.015,5.E-02,-0.38));
#3750 = VECTOR('',#3751,1.);
#3751 = DIRECTION('',(0.,0.,1.));
#3752 = ORIENTED_EDGE('',*,*,#3753,.T.);
#3753 = EDGE_CURVE('',#3744,#3754,#3756,.T.);
#3754 = VERTEX_POINT('',#3755);
#3755 = CARTESIAN_POINT('',(1.015,0.,-0.2527274));
#3756 = LINE('',#3757,#3758);
#3757 = CARTESIAN_POINT('',(1.015,5.E-02,-0.2527274));
#3758 = VECTOR('',#3759,1.);
#3759 = DIRECTION('',(0.,-1.,0.));
#3760 = ORIENTED_EDGE('',*,*,#3761,.T.);
#3761 = EDGE_CURVE('',#3754,#3762,#3764,.T.);
#3762 = VERTEX_POINT('',#3763);
#3763 = CARTESIAN_POINT('',(1.015,0.,-0.2472726));
#3764 = LINE('',#3765,#3766);
#3765 = CARTESIAN_POINT('',(1.015,0.,-0.38));
#3766 = VECTOR('',#3767,1.);
#3767 = DIRECTION('',(0.,0.,1.));
#3768 = ORIENTED_EDGE('',*,*,#3769,.F.);
#3769 = EDGE_CURVE('',#3746,#3762,#3770,.T.);
#3770 = LINE('',#3771,#3772);
#3771 = CARTESIAN_POINT('',(1.015,5.E-02,-0.2472726));
#3772 = VECTOR('',#3773,1.);
#3773 = DIRECTION('',(0.,-1.,0.));
#3774 = PLANE('',#3775);
#3775 = AXIS2_PLACEMENT_3D('',#3776,#3777,#3778);
#3776 = CARTESIAN_POINT('',(1.015,5.E-02,-0.38));
#3777 = DIRECTION('',(-1.,0.,0.));
#3778 = DIRECTION('',(0.,0.,1.));
#3779 = ADVANCED_FACE('',(#3780),#3823,.T.);
#3780 = FACE_BOUND('',#3781,.T.);
#3781 = EDGE_LOOP('',(#3782,#3783,#3792,#3800,#3808,#3816));
#3782 = ORIENTED_EDGE('',*,*,#3743,.T.);
#3783 = ORIENTED_EDGE('',*,*,#3784,.T.);
#3784 = EDGE_CURVE('',#3746,#3785,#3787,.T.);
#3785 = VERTEX_POINT('',#3786);
#3786 = CARTESIAN_POINT('',(1.1422726,5.E-02,-0.12));
#3787 = CIRCLE('',#3788,0.1272726);
#3788 = AXIS2_PLACEMENT_3D('',#3789,#3790,#3791);
#3789 = CARTESIAN_POINT('',(1.1422726,5.E-02,-0.2472726));
#3790 = DIRECTION('',(-0.,1.,0.));
#3791 = DIRECTION('',(0.,0.,-1.));
#3792 = ORIENTED_EDGE('',*,*,#3793,.T.);
#3793 = EDGE_CURVE('',#3785,#3794,#3796,.T.);
#3794 = VERTEX_POINT('',#3795);
#3795 = CARTESIAN_POINT('',(1.5,5.E-02,-0.12));
#3796 = LINE('',#3797,#3798);
#3797 = CARTESIAN_POINT('',(1.015,5.E-02,-0.12));
#3798 = VECTOR('',#3799,1.);
#3799 = DIRECTION('',(1.,0.,0.));
#3800 = ORIENTED_EDGE('',*,*,#3801,.T.);
#3801 = EDGE_CURVE('',#3794,#3802,#3804,.T.);
#3802 = VERTEX_POINT('',#3803);
#3803 = CARTESIAN_POINT('',(1.5,5.E-02,-0.38));
#3804 = LINE('',#3805,#3806);
#3805 = CARTESIAN_POINT('',(1.5,5.E-02,1.5));
#3806 = VECTOR('',#3807,1.);
#3807 = DIRECTION('',(0.,0.,-1.));
#3808 = ORIENTED_EDGE('',*,*,#3809,.T.);
#3809 = EDGE_CURVE('',#3802,#3810,#3812,.T.);
#3810 = VERTEX_POINT('',#3811);
#3811 = CARTESIAN_POINT('',(1.1422726,5.E-02,-0.38));
#3812 = LINE('',#3813,#3814);
#3813 = CARTESIAN_POINT('',(1.855,5.E-02,-0.38));
#3814 = VECTOR('',#3815,1.);
#3815 = DIRECTION('',(-1.,0.,0.));
#3816 = ORIENTED_EDGE('',*,*,#3817,.F.);
#3817 = EDGE_CURVE('',#3744,#3810,#3818,.T.);
#3818 = CIRCLE('',#3819,0.1272726);
#3819 = AXIS2_PLACEMENT_3D('',#3820,#3821,#3822);
#3820 = CARTESIAN_POINT('',(1.1422726,5.E-02,-0.2527274));
#3821 = DIRECTION('',(0.,-1.,0.));
#3822 = DIRECTION('',(0.,-0.,-1.));
#3823 = PLANE('',#3824);
#3824 = AXIS2_PLACEMENT_3D('',#3825,#3826,#3827);
#3825 = CARTESIAN_POINT('',(1.435,5.E-02,-0.25));
#3826 = DIRECTION('',(0.,1.,0.));
#3827 = DIRECTION('',(0.,0.,1.));
#3828 = ADVANCED_FACE('',(#3829),#3848,.T.);
#3829 = FACE_BOUND('',#3830,.T.);
#3830 = EDGE_LOOP('',(#3831,#3832,#3840,#3847));
#3831 = ORIENTED_EDGE('',*,*,#3817,.T.);
#3832 = ORIENTED_EDGE('',*,*,#3833,.T.);
#3833 = EDGE_CURVE('',#3810,#3834,#3836,.T.);
#3834 = VERTEX_POINT('',#3835);
#3835 = CARTESIAN_POINT('',(1.1422726,0.,-0.38));
#3836 = LINE('',#3837,#3838);
#3837 = CARTESIAN_POINT('',(1.1422726,5.E-02,-0.38));
#3838 = VECTOR('',#3839,1.);
#3839 = DIRECTION('',(0.,-1.,0.));
#3840 = ORIENTED_EDGE('',*,*,#3841,.F.);
#3841 = EDGE_CURVE('',#3754,#3834,#3842,.T.);
#3842 = CIRCLE('',#3843,0.1272726);
#3843 = AXIS2_PLACEMENT_3D('',#3844,#3845,#3846);
#3844 = CARTESIAN_POINT('',(1.1422726,0.,-0.2527274));
#3845 = DIRECTION('',(0.,-1.,0.));
#3846 = DIRECTION('',(0.,-0.,-1.));
#3847 = ORIENTED_EDGE('',*,*,#3753,.F.);
#3848 = CYLINDRICAL_SURFACE('',#3849,0.1272726);
#3849 = AXIS2_PLACEMENT_3D('',#3850,#3851,#3852);
#3850 = CARTESIAN_POINT('',(1.1422726,5.E-02,-0.2527274));
#3851 = DIRECTION('',(0.,-1.,0.));
#3852 = DIRECTION('',(-1.,0.,0.));
#3853 = ADVANCED_FACE('',(#3854),#3873,.T.);
#3854 = FACE_BOUND('',#3855,.F.);
#3855 = EDGE_LOOP('',(#3856,#3857,#3865,#3872));
#3856 = ORIENTED_EDGE('',*,*,#3784,.T.);
#3857 = ORIENTED_EDGE('',*,*,#3858,.T.);
#3858 = EDGE_CURVE('',#3785,#3859,#3861,.T.);
#3859 = VERTEX_POINT('',#3860);
#3860 = CARTESIAN_POINT('',(1.1422726,0.,-0.12));
#3861 = LINE('',#3862,#3863);
#3862 = CARTESIAN_POINT('',(1.1422726,5.E-02,-0.12));
#3863 = VECTOR('',#3864,1.);
#3864 = DIRECTION('',(0.,-1.,0.));
#3865 = ORIENTED_EDGE('',*,*,#3866,.F.);
#3866 = EDGE_CURVE('',#3762,#3859,#3867,.T.);
#3867 = CIRCLE('',#3868,0.1272726);
#3868 = AXIS2_PLACEMENT_3D('',#3869,#3870,#3871);
#3869 = CARTESIAN_POINT('',(1.1422726,0.,-0.2472726));
#3870 = DIRECTION('',(-0.,1.,0.));
#3871 = DIRECTION('',(0.,0.,-1.));
#3872 = ORIENTED_EDGE('',*,*,#3769,.F.);
#3873 = CYLINDRICAL_SURFACE('',#3874,0.1272726);
#3874 = AXIS2_PLACEMENT_3D('',#3875,#3876,#3877);
#3875 = CARTESIAN_POINT('',(1.1422726,5.E-02,-0.2472726));
#3876 = DIRECTION('',(0.,-1.,0.));
#3877 = DIRECTION('',(-1.,0.,0.));
#3878 = ADVANCED_FACE('',(#3879),#3906,.F.);
#3879 = FACE_BOUND('',#3880,.F.);
#3880 = EDGE_LOOP('',(#3881,#3882,#3883,#3891,#3899,#3905));
#3881 = ORIENTED_EDGE('',*,*,#3761,.T.);
#3882 = ORIENTED_EDGE('',*,*,#3866,.T.);
#3883 = ORIENTED_EDGE('',*,*,#3884,.T.);
#3884 = EDGE_CURVE('',#3859,#3885,#3887,.T.);
#3885 = VERTEX_POINT('',#3886);
#3886 = CARTESIAN_POINT('',(1.5,0.,-0.12));
#3887 = LINE('',#3888,#3889);
#3888 = CARTESIAN_POINT('',(1.015,0.,-0.12));
#3889 = VECTOR('',#3890,1.);
#3890 = DIRECTION('',(1.,0.,0.));
#3891 = ORIENTED_EDGE('',*,*,#3892,.T.);
#3892 = EDGE_CURVE('',#3885,#3893,#3895,.T.);
#3893 = VERTEX_POINT('',#3894);
#3894 = CARTESIAN_POINT('',(1.5,0.,-0.38));
#3895 = LINE('',#3896,#3897);
#3896 = CARTESIAN_POINT('',(1.5,0.,1.5));
#3897 = VECTOR('',#3898,1.);
#3898 = DIRECTION('',(0.,0.,-1.));
#3899 = ORIENTED_EDGE('',*,*,#3900,.T.);
#3900 = EDGE_CURVE('',#3893,#3834,#3901,.T.);
#3901 = LINE('',#3902,#3903);
#3902 = CARTESIAN_POINT('',(1.855,0.,-0.38));
#3903 = VECTOR('',#3904,1.);
#3904 = DIRECTION('',(-1.,0.,0.));
#3905 = ORIENTED_EDGE('',*,*,#3841,.F.);
#3906 = PLANE('',#3907);
#3907 = AXIS2_PLACEMENT_3D('',#3908,#3909,#3910);
#3908 = CARTESIAN_POINT('',(1.435,0.,-0.25));
#3909 = DIRECTION('',(0.,1.,0.));
#3910 = DIRECTION('',(0.,0.,1.));
#3911 = ADVANCED_FACE('',(#3912),#3923,.T.);
#3912 = FACE_BOUND('',#3913,.T.);
#3913 = EDGE_LOOP('',(#3914,#3915,#3921,#3922));
#3914 = ORIENTED_EDGE('',*,*,#3809,.F.);
#3915 = ORIENTED_EDGE('',*,*,#3916,.T.);
#3916 = EDGE_CURVE('',#3802,#3893,#3917,.T.);
#3917 = LINE('',#3918,#3919);
#3918 = CARTESIAN_POINT('',(1.5,5.E-02,-0.38));
#3919 = VECTOR('',#3920,1.);
#3920 = DIRECTION('',(0.,-1.,0.));
#3921 = ORIENTED_EDGE('',*,*,#3900,.T.);
#3922 = ORIENTED_EDGE('',*,*,#3833,.F.);
#3923 = PLANE('',#3924);
#3924 = AXIS2_PLACEMENT_3D('',#3925,#3926,#3927);
#3925 = CARTESIAN_POINT('',(1.5,5.E-02,-0.38));
#3926 = DIRECTION('',(-0.,-0.,-1.));
#3927 = DIRECTION('',(-1.,0.,0.));
#3928 = ADVANCED_FACE('',(#3929),#3940,.T.);
#3929 = FACE_BOUND('',#3930,.T.);
#3930 = EDGE_LOOP('',(#3931,#3932,#3933,#3934));
#3931 = ORIENTED_EDGE('',*,*,#3793,.F.);
#3932 = ORIENTED_EDGE('',*,*,#3858,.T.);
#3933 = ORIENTED_EDGE('',*,*,#3884,.T.);
#3934 = ORIENTED_EDGE('',*,*,#3935,.F.);
#3935 = EDGE_CURVE('',#3794,#3885,#3936,.T.);
#3936 = LINE('',#3937,#3938);
#3937 = CARTESIAN_POINT('',(1.5,5.E-02,-0.12));
#3938 = VECTOR('',#3939,1.);
#3939 = DIRECTION('',(0.,-1.,0.));
#3940 = PLANE('',#3941);
#3941 = AXIS2_PLACEMENT_3D('',#3942,#3943,#3944);
#3942 = CARTESIAN_POINT('',(1.015,5.E-02,-0.12));
#3943 = DIRECTION('',(0.,0.,1.));
#3944 = DIRECTION('',(1.,0.,0.));
#3945 = ADVANCED_FACE('',(#3946),#3952,.T.);
#3946 = FACE_BOUND('',#3947,.T.);
#3947 = EDGE_LOOP('',(#3948,#3949,#3950,#3951));
#3948 = ORIENTED_EDGE('',*,*,#3935,.T.);
#3949 = ORIENTED_EDGE('',*,*,#3892,.T.);
#3950 = ORIENTED_EDGE('',*,*,#3916,.F.);
#3951 = ORIENTED_EDGE('',*,*,#3801,.F.);
#3952 = PLANE('',#3953);
#3953 = AXIS2_PLACEMENT_3D('',#3954,#3955,#3956);
#3954 = CARTESIAN_POINT('',(1.5,5.E-02,-0.12));
#3955 = DIRECTION('',(1.,0.,0.));
#3956 = DIRECTION('',(0.,0.,-1.));
#3957 = ( GEOMETRIC_REPRESENTATION_CONTEXT(3) 
GLOBAL_UNCERTAINTY_ASSIGNED_CONTEXT((#3961)) 
GLOBAL_UNIT_ASSIGNED_CONTEXT((#3958,#3959,#3960)) REPRESENTATION_CONTEXT
('Context #1','3D Context with UNIT and UNCERTAINTY') );
#3958 = ( LENGTH_UNIT() NAMED_UNIT(*) SI_UNIT(.MILLI.,.METRE.) );
#3959 = ( NAMED_UNIT(*) PLANE_ANGLE_UNIT() SI_UNIT($,.RADIAN.) );
#3960 = ( NAMED_UNIT(*) SI_UNIT($,.STERADIAN.) SOLID_ANGLE_UNIT() );
#3961 = UNCERTAINTY_MEASURE_WITH_UNIT(LENGTH_MEASURE(1.E-07),#3958,
  'distance_accuracy_value','confusion accuracy');
#3962 = CONTEXT_DEPENDENT_SHAPE_REPRESENTATION(#3963,#3965);
#3963 = ( REPRESENTATION_RELATIONSHIP('','',#3736,#10) 
REPRESENTATION_RELATIONSHIP_WITH_TRANSFORMATION(#3964) 
SHAPE_REPRESENTATION_RELATIONSHIP() );
#3964 = ITEM_DEFINED_TRANSFORMATION('','',#11,#79);
#3965 = PRODUCT_DEFINITION_SHAPE('Placement','Placement of an item',
  #3966);
#3966 = NEXT_ASSEMBLY_USAGE_OCCURRENCE('7361','Pad_11_1','',#5,#3731,$);
#3967 = PRODUCT_RELATED_PRODUCT_CATEGORY('part',$,(#3733));
#3968 = SHAPE_DEFINITION_REPRESENTATION(#3969,#3975);
#3969 = PRODUCT_DEFINITION_SHAPE('','',#3970);
#3970 = PRODUCT_DEFINITION('design','',#3971,#3974);
#3971 = PRODUCT_DEFINITION_FORMATION('','',#3972);
#3972 = PRODUCT('Pad_12_1','Pad_12_1','',(#3973));
#3973 = PRODUCT_CONTEXT('',#2,'mechanical');
#3974 = PRODUCT_DEFINITION_CONTEXT('part definition',#2,'design');
#3975 = ADVANCED_BREP_SHAPE_REPRESENTATION('',(#11,#3976),#4196);
#3976 = MANIFOLD_SOLID_BREP('',#3977);
#3977 = CLOSED_SHELL('',(#3978,#4018,#4067,#4092,#4117,#4150,#4167,#4184
    ));
#3978 = ADVANCED_FACE('',(#3979),#4013,.T.);
#3979 = FACE_BOUND('',#3980,.T.);
#3980 = EDGE_LOOP('',(#3981,#3991,#3999,#4007));
#3981 = ORIENTED_EDGE('',*,*,#3982,.F.);
#3982 = EDGE_CURVE('',#3983,#3985,#3987,.T.);
#3983 = VERTEX_POINT('',#3984);
#3984 = CARTESIAN_POINT('',(1.015,5.E-02,-0.7527274));
#3985 = VERTEX_POINT('',#3986);
#3986 = CARTESIAN_POINT('',(1.015,5.E-02,-0.7472726));
#3987 = LINE('',#3988,#3989);
#3988 = CARTESIAN_POINT('',(1.015,5.E-02,-0.88));
#3989 = VECTOR('',#3990,1.);
#3990 = DIRECTION('',(0.,0.,1.));
#3991 = ORIENTED_EDGE('',*,*,#3992,.T.);
#3992 = EDGE_CURVE('',#3983,#3993,#3995,.T.);
#3993 = VERTEX_POINT('',#3994);
#3994 = CARTESIAN_POINT('',(1.015,0.,-0.7527274));
#3995 = LINE('',#3996,#3997);
#3996 = CARTESIAN_POINT('',(1.015,5.E-02,-0.7527274));
#3997 = VECTOR('',#3998,1.);
#3998 = DIRECTION('',(0.,-1.,0.));
#3999 = ORIENTED_EDGE('',*,*,#4000,.T.);
#4000 = EDGE_CURVE('',#3993,#4001,#4003,.T.);
#4001 = VERTEX_POINT('',#4002);
#4002 = CARTESIAN_POINT('',(1.015,0.,-0.7472726));
#4003 = LINE('',#4004,#4005);
#4004 = CARTESIAN_POINT('',(1.015,0.,-0.88));
#4005 = VECTOR('',#4006,1.);
#4006 = DIRECTION('',(0.,0.,1.));
#4007 = ORIENTED_EDGE('',*,*,#4008,.F.);
#4008 = EDGE_CURVE('',#3985,#4001,#4009,.T.);
#4009 = LINE('',#4010,#4011);
#4010 = CARTESIAN_POINT('',(1.015,5.E-02,-0.7472726));
#4011 = VECTOR('',#4012,1.);
#4012 = DIRECTION('',(0.,-1.,0.));
#4013 = PLANE('',#4014);
#4014 = AXIS2_PLACEMENT_3D('',#4015,#4016,#4017);
#4015 = CARTESIAN_POINT('',(1.015,5.E-02,-0.88));
#4016 = DIRECTION('',(-1.,0.,0.));
#4017 = DIRECTION('',(0.,0.,1.));
#4018 = ADVANCED_FACE('',(#4019),#4062,.T.);
#4019 = FACE_BOUND('',#4020,.T.);
#4020 = EDGE_LOOP('',(#4021,#4022,#4031,#4039,#4047,#4055));
#4021 = ORIENTED_EDGE('',*,*,#3982,.T.);
#4022 = ORIENTED_EDGE('',*,*,#4023,.T.);
#4023 = EDGE_CURVE('',#3985,#4024,#4026,.T.);
#4024 = VERTEX_POINT('',#4025);
#4025 = CARTESIAN_POINT('',(1.1422726,5.E-02,-0.62));
#4026 = CIRCLE('',#4027,0.1272726);
#4027 = AXIS2_PLACEMENT_3D('',#4028,#4029,#4030);
#4028 = CARTESIAN_POINT('',(1.1422726,5.E-02,-0.7472726));
#4029 = DIRECTION('',(-0.,1.,0.));
#4030 = DIRECTION('',(0.,0.,-1.));
#4031 = ORIENTED_EDGE('',*,*,#4032,.T.);
#4032 = EDGE_CURVE('',#4024,#4033,#4035,.T.);
#4033 = VERTEX_POINT('',#4034);
#4034 = CARTESIAN_POINT('',(1.5,5.E-02,-0.62));
#4035 = LINE('',#4036,#4037);
#4036 = CARTESIAN_POINT('',(1.015,5.E-02,-0.62));
#4037 = VECTOR('',#4038,1.);
#4038 = DIRECTION('',(1.,0.,0.));
#4039 = ORIENTED_EDGE('',*,*,#4040,.T.);
#4040 = EDGE_CURVE('',#4033,#4041,#4043,.T.);
#4041 = VERTEX_POINT('',#4042);
#4042 = CARTESIAN_POINT('',(1.5,5.E-02,-0.88));
#4043 = LINE('',#4044,#4045);
#4044 = CARTESIAN_POINT('',(1.5,5.E-02,1.5));
#4045 = VECTOR('',#4046,1.);
#4046 = DIRECTION('',(0.,0.,-1.));
#4047 = ORIENTED_EDGE('',*,*,#4048,.T.);
#4048 = EDGE_CURVE('',#4041,#4049,#4051,.T.);
#4049 = VERTEX_POINT('',#4050);
#4050 = CARTESIAN_POINT('',(1.1422726,5.E-02,-0.88));
#4051 = LINE('',#4052,#4053);
#4052 = CARTESIAN_POINT('',(1.855,5.E-02,-0.88));
#4053 = VECTOR('',#4054,1.);
#4054 = DIRECTION('',(-1.,0.,0.));
#4055 = ORIENTED_EDGE('',*,*,#4056,.F.);
#4056 = EDGE_CURVE('',#3983,#4049,#4057,.T.);
#4057 = CIRCLE('',#4058,0.1272726);
#4058 = AXIS2_PLACEMENT_3D('',#4059,#4060,#4061);
#4059 = CARTESIAN_POINT('',(1.1422726,5.E-02,-0.7527274));
#4060 = DIRECTION('',(0.,-1.,0.));
#4061 = DIRECTION('',(0.,-0.,-1.));
#4062 = PLANE('',#4063);
#4063 = AXIS2_PLACEMENT_3D('',#4064,#4065,#4066);
#4064 = CARTESIAN_POINT('',(1.435,5.E-02,-0.75));
#4065 = DIRECTION('',(0.,1.,0.));
#4066 = DIRECTION('',(0.,0.,1.));
#4067 = ADVANCED_FACE('',(#4068),#4087,.T.);
#4068 = FACE_BOUND('',#4069,.T.);
#4069 = EDGE_LOOP('',(#4070,#4071,#4079,#4086));
#4070 = ORIENTED_EDGE('',*,*,#4056,.T.);
#4071 = ORIENTED_EDGE('',*,*,#4072,.T.);
#4072 = EDGE_CURVE('',#4049,#4073,#4075,.T.);
#4073 = VERTEX_POINT('',#4074);
#4074 = CARTESIAN_POINT('',(1.1422726,0.,-0.88));
#4075 = LINE('',#4076,#4077);
#4076 = CARTESIAN_POINT('',(1.1422726,5.E-02,-0.88));
#4077 = VECTOR('',#4078,1.);
#4078 = DIRECTION('',(0.,-1.,0.));
#4079 = ORIENTED_EDGE('',*,*,#4080,.F.);
#4080 = EDGE_CURVE('',#3993,#4073,#4081,.T.);
#4081 = CIRCLE('',#4082,0.1272726);
#4082 = AXIS2_PLACEMENT_3D('',#4083,#4084,#4085);
#4083 = CARTESIAN_POINT('',(1.1422726,0.,-0.7527274));
#4084 = DIRECTION('',(0.,-1.,0.));
#4085 = DIRECTION('',(0.,-0.,-1.));
#4086 = ORIENTED_EDGE('',*,*,#3992,.F.);
#4087 = CYLINDRICAL_SURFACE('',#4088,0.1272726);
#4088 = AXIS2_PLACEMENT_3D('',#4089,#4090,#4091);
#4089 = CARTESIAN_POINT('',(1.1422726,5.E-02,-0.7527274));
#4090 = DIRECTION('',(0.,-1.,0.));
#4091 = DIRECTION('',(-1.,0.,0.));
#4092 = ADVANCED_FACE('',(#4093),#4112,.T.);
#4093 = FACE_BOUND('',#4094,.F.);
#4094 = EDGE_LOOP('',(#4095,#4096,#4104,#4111));
#4095 = ORIENTED_EDGE('',*,*,#4023,.T.);
#4096 = ORIENTED_EDGE('',*,*,#4097,.T.);
#4097 = EDGE_CURVE('',#4024,#4098,#4100,.T.);
#4098 = VERTEX_POINT('',#4099);
#4099 = CARTESIAN_POINT('',(1.1422726,0.,-0.62));
#4100 = LINE('',#4101,#4102);
#4101 = CARTESIAN_POINT('',(1.1422726,5.E-02,-0.62));
#4102 = VECTOR('',#4103,1.);
#4103 = DIRECTION('',(0.,-1.,0.));
#4104 = ORIENTED_EDGE('',*,*,#4105,.F.);
#4105 = EDGE_CURVE('',#4001,#4098,#4106,.T.);
#4106 = CIRCLE('',#4107,0.1272726);
#4107 = AXIS2_PLACEMENT_3D('',#4108,#4109,#4110);
#4108 = CARTESIAN_POINT('',(1.1422726,0.,-0.7472726));
#4109 = DIRECTION('',(-0.,1.,0.));
#4110 = DIRECTION('',(0.,0.,-1.));
#4111 = ORIENTED_EDGE('',*,*,#4008,.F.);
#4112 = CYLINDRICAL_SURFACE('',#4113,0.1272726);
#4113 = AXIS2_PLACEMENT_3D('',#4114,#4115,#4116);
#4114 = CARTESIAN_POINT('',(1.1422726,5.E-02,-0.7472726));
#4115 = DIRECTION('',(0.,-1.,0.));
#4116 = DIRECTION('',(-1.,0.,0.));
#4117 = ADVANCED_FACE('',(#4118),#4145,.F.);
#4118 = FACE_BOUND('',#4119,.F.);
#4119 = EDGE_LOOP('',(#4120,#4121,#4122,#4130,#4138,#4144));
#4120 = ORIENTED_EDGE('',*,*,#4000,.T.);
#4121 = ORIENTED_EDGE('',*,*,#4105,.T.);
#4122 = ORIENTED_EDGE('',*,*,#4123,.T.);
#4123 = EDGE_CURVE('',#4098,#4124,#4126,.T.);
#4124 = VERTEX_POINT('',#4125);
#4125 = CARTESIAN_POINT('',(1.5,0.,-0.62));
#4126 = LINE('',#4127,#4128);
#4127 = CARTESIAN_POINT('',(1.015,0.,-0.62));
#4128 = VECTOR('',#4129,1.);
#4129 = DIRECTION('',(1.,0.,0.));
#4130 = ORIENTED_EDGE('',*,*,#4131,.T.);
#4131 = EDGE_CURVE('',#4124,#4132,#4134,.T.);
#4132 = VERTEX_POINT('',#4133);
#4133 = CARTESIAN_POINT('',(1.5,0.,-0.88));
#4134 = LINE('',#4135,#4136);
#4135 = CARTESIAN_POINT('',(1.5,0.,1.5));
#4136 = VECTOR('',#4137,1.);
#4137 = DIRECTION('',(0.,0.,-1.));
#4138 = ORIENTED_EDGE('',*,*,#4139,.T.);
#4139 = EDGE_CURVE('',#4132,#4073,#4140,.T.);
#4140 = LINE('',#4141,#4142);
#4141 = CARTESIAN_POINT('',(1.855,0.,-0.88));
#4142 = VECTOR('',#4143,1.);
#4143 = DIRECTION('',(-1.,0.,0.));
#4144 = ORIENTED_EDGE('',*,*,#4080,.F.);
#4145 = PLANE('',#4146);
#4146 = AXIS2_PLACEMENT_3D('',#4147,#4148,#4149);
#4147 = CARTESIAN_POINT('',(1.435,0.,-0.75));
#4148 = DIRECTION('',(0.,1.,0.));
#4149 = DIRECTION('',(0.,0.,1.));
#4150 = ADVANCED_FACE('',(#4151),#4162,.T.);
#4151 = FACE_BOUND('',#4152,.T.);
#4152 = EDGE_LOOP('',(#4153,#4154,#4160,#4161));
#4153 = ORIENTED_EDGE('',*,*,#4048,.F.);
#4154 = ORIENTED_EDGE('',*,*,#4155,.T.);
#4155 = EDGE_CURVE('',#4041,#4132,#4156,.T.);
#4156 = LINE('',#4157,#4158);
#4157 = CARTESIAN_POINT('',(1.5,5.E-02,-0.88));
#4158 = VECTOR('',#4159,1.);
#4159 = DIRECTION('',(0.,-1.,0.));
#4160 = ORIENTED_EDGE('',*,*,#4139,.T.);
#4161 = ORIENTED_EDGE('',*,*,#4072,.F.);
#4162 = PLANE('',#4163);
#4163 = AXIS2_PLACEMENT_3D('',#4164,#4165,#4166);
#4164 = CARTESIAN_POINT('',(1.5,5.E-02,-0.88));
#4165 = DIRECTION('',(-0.,-0.,-1.));
#4166 = DIRECTION('',(-1.,0.,0.));
#4167 = ADVANCED_FACE('',(#4168),#4179,.T.);
#4168 = FACE_BOUND('',#4169,.T.);
#4169 = EDGE_LOOP('',(#4170,#4171,#4172,#4173));
#4170 = ORIENTED_EDGE('',*,*,#4032,.F.);
#4171 = ORIENTED_EDGE('',*,*,#4097,.T.);
#4172 = ORIENTED_EDGE('',*,*,#4123,.T.);
#4173 = ORIENTED_EDGE('',*,*,#4174,.F.);
#4174 = EDGE_CURVE('',#4033,#4124,#4175,.T.);
#4175 = LINE('',#4176,#4177);
#4176 = CARTESIAN_POINT('',(1.5,5.E-02,-0.62));
#4177 = VECTOR('',#4178,1.);
#4178 = DIRECTION('',(0.,-1.,0.));
#4179 = PLANE('',#4180);
#4180 = AXIS2_PLACEMENT_3D('',#4181,#4182,#4183);
#4181 = CARTESIAN_POINT('',(1.015,5.E-02,-0.62));
#4182 = DIRECTION('',(0.,0.,1.));
#4183 = DIRECTION('',(1.,0.,0.));
#4184 = ADVANCED_FACE('',(#4185),#4191,.T.);
#4185 = FACE_BOUND('',#4186,.T.);
#4186 = EDGE_LOOP('',(#4187,#4188,#4189,#4190));
#4187 = ORIENTED_EDGE('',*,*,#4174,.T.);
#4188 = ORIENTED_EDGE('',*,*,#4131,.T.);
#4189 = ORIENTED_EDGE('',*,*,#4155,.F.);
#4190 = ORIENTED_EDGE('',*,*,#4040,.F.);
#4191 = PLANE('',#4192);
#4192 = AXIS2_PLACEMENT_3D('',#4193,#4194,#4195);
#4193 = CARTESIAN_POINT('',(1.5,5.E-02,-0.62));
#4194 = DIRECTION('',(1.,0.,0.));
#4195 = DIRECTION('',(0.,0.,-1.));
#4196 = ( GEOMETRIC_REPRESENTATION_CONTEXT(3) 
GLOBAL_UNCERTAINTY_ASSIGNED_CONTEXT((#4200)) 
GLOBAL_UNIT_ASSIGNED_CONTEXT((#4197,#4198,#4199)) REPRESENTATION_CONTEXT
('Context #1','3D Context with UNIT and UNCERTAINTY') );
#4197 = ( LENGTH_UNIT() NAMED_UNIT(*) SI_UNIT(.MILLI.,.METRE.) );
#4198 = ( NAMED_UNIT(*) PLANE_ANGLE_UNIT() SI_UNIT($,.RADIAN.) );
#4199 = ( NAMED_UNIT(*) SI_UNIT($,.STERADIAN.) SOLID_ANGLE_UNIT() );
#4200 = UNCERTAINTY_MEASURE_WITH_UNIT(LENGTH_MEASURE(1.E-07),#4197,
  'distance_accuracy_value','confusion accuracy');
#4201 = CONTEXT_DEPENDENT_SHAPE_REPRESENTATION(#4202,#4204);
#4202 = ( REPRESENTATION_RELATIONSHIP('','',#3975,#10) 
REPRESENTATION_RELATIONSHIP_WITH_TRANSFORMATION(#4203) 
SHAPE_REPRESENTATION_RELATIONSHIP() );
#4203 = ITEM_DEFINED_TRANSFORMATION('','',#11,#83);
#4204 = PRODUCT_DEFINITION_SHAPE('Placement','Placement of an item',
  #4205);
#4205 = NEXT_ASSEMBLY_USAGE_OCCURRENCE('7362','Pad_12_1','',#5,#3970,$);
#4206 = PRODUCT_RELATED_PRODUCT_CATEGORY('part',$,(#3972));
#4207 = SHAPE_DEFINITION_REPRESENTATION(#4208,#4214);
#4208 = PRODUCT_DEFINITION_SHAPE('','',#4209);
#4209 = PRODUCT_DEFINITION('design','',#4210,#4213);
#4210 = PRODUCT_DEFINITION_FORMATION('','',#4211);
#4211 = PRODUCT('Pad_17_1','Pad_17_1','',(#4212));
#4212 = PRODUCT_CONTEXT('',#2,'mechanical');
#4213 = PRODUCT_DEFINITION_CONTEXT('part definition',#2,'design');
#4214 = ADVANCED_BREP_SHAPE_REPRESENTATION('',(#11,#4215),#4365);
#4215 = MANIFOLD_SOLID_BREP('',#4216);
#4216 = CLOSED_SHELL('',(#4217,#4257,#4288,#4319,#4341,#4353));
#4217 = ADVANCED_FACE('',(#4218),#4252,.T.);
#4218 = FACE_BOUND('',#4219,.T.);
#4219 = EDGE_LOOP('',(#4220,#4230,#4238,#4246));
#4220 = ORIENTED_EDGE('',*,*,#4221,.T.);
#4221 = EDGE_CURVE('',#4222,#4224,#4226,.T.);
#4222 = VERTEX_POINT('',#4223);
#4223 = CARTESIAN_POINT('',(-0.8,5.E-02,0.8));
#4224 = VERTEX_POINT('',#4225);
#4225 = CARTESIAN_POINT('',(-0.8,0.,0.8));
#4226 = LINE('',#4227,#4228);
#4227 = CARTESIAN_POINT('',(-0.8,5.E-02,0.8));
#4228 = VECTOR('',#4229,1.);
#4229 = DIRECTION('',(0.,-1.,0.));
#4230 = ORIENTED_EDGE('',*,*,#4231,.T.);
#4231 = EDGE_CURVE('',#4224,#4232,#4234,.T.);
#4232 = VERTEX_POINT('',#4233);
#4233 = CARTESIAN_POINT('',(0.8,0.,0.8));
#4234 = LINE('',#4235,#4236);
#4235 = CARTESIAN_POINT('',(-0.8,0.,0.8));
#4236 = VECTOR('',#4237,1.);
#4237 = DIRECTION('',(1.,0.,0.));
#4238 = ORIENTED_EDGE('',*,*,#4239,.F.);
#4239 = EDGE_CURVE('',#4240,#4232,#4242,.T.);
#4240 = VERTEX_POINT('',#4241);
#4241 = CARTESIAN_POINT('',(0.8,5.E-02,0.8));
#4242 = LINE('',#4243,#4244);
#4243 = CARTESIAN_POINT('',(0.8,5.E-02,0.8));
#4244 = VECTOR('',#4245,1.);
#4245 = DIRECTION('',(0.,-1.,0.));
#4246 = ORIENTED_EDGE('',*,*,#4247,.F.);
#4247 = EDGE_CURVE('',#4222,#4240,#4248,.T.);
#4248 = LINE('',#4249,#4250);
#4249 = CARTESIAN_POINT('',(-0.8,5.E-02,0.8));
#4250 = VECTOR('',#4251,1.);
#4251 = DIRECTION('',(1.,0.,0.));
#4252 = PLANE('',#4253);
#4253 = AXIS2_PLACEMENT_3D('',#4254,#4255,#4256);
#4254 = CARTESIAN_POINT('',(-0.8,5.E-02,0.8));
#4255 = DIRECTION('',(-0.,0.,1.));
#4256 = DIRECTION('',(1.,0.,0.));
#4257 = ADVANCED_FACE('',(#4258),#4283,.T.);
#4258 = FACE_BOUND('',#4259,.T.);
#4259 = EDGE_LOOP('',(#4260,#4261,#4269,#4277));
#4260 = ORIENTED_EDGE('',*,*,#4239,.T.);
#4261 = ORIENTED_EDGE('',*,*,#4262,.T.);
#4262 = EDGE_CURVE('',#4232,#4263,#4265,.T.);
#4263 = VERTEX_POINT('',#4264);
#4264 = CARTESIAN_POINT('',(0.8,0.,-0.8));
#4265 = LINE('',#4266,#4267);
#4266 = CARTESIAN_POINT('',(0.8,0.,0.8));
#4267 = VECTOR('',#4268,1.);
#4268 = DIRECTION('',(0.,0.,-1.));
#4269 = ORIENTED_EDGE('',*,*,#4270,.F.);
#4270 = EDGE_CURVE('',#4271,#4263,#4273,.T.);
#4271 = VERTEX_POINT('',#4272);
#4272 = CARTESIAN_POINT('',(0.8,5.E-02,-0.8));
#4273 = LINE('',#4274,#4275);
#4274 = CARTESIAN_POINT('',(0.8,5.E-02,-0.8));
#4275 = VECTOR('',#4276,1.);
#4276 = DIRECTION('',(0.,-1.,0.));
#4277 = ORIENTED_EDGE('',*,*,#4278,.F.);
#4278 = EDGE_CURVE('',#4240,#4271,#4279,.T.);
#4279 = LINE('',#4280,#4281);
#4280 = CARTESIAN_POINT('',(0.8,5.E-02,0.8));
#4281 = VECTOR('',#4282,1.);
#4282 = DIRECTION('',(0.,0.,-1.));
#4283 = PLANE('',#4284);
#4284 = AXIS2_PLACEMENT_3D('',#4285,#4286,#4287);
#4285 = CARTESIAN_POINT('',(0.8,5.E-02,0.8));
#4286 = DIRECTION('',(1.,0.,0.));
#4287 = DIRECTION('',(0.,0.,-1.));
#4288 = ADVANCED_FACE('',(#4289),#4314,.T.);
#4289 = FACE_BOUND('',#4290,.T.);
#4290 = EDGE_LOOP('',(#4291,#4292,#4300,#4308));
#4291 = ORIENTED_EDGE('',*,*,#4270,.T.);
#4292 = ORIENTED_EDGE('',*,*,#4293,.T.);
#4293 = EDGE_CURVE('',#4263,#4294,#4296,.T.);
#4294 = VERTEX_POINT('',#4295);
#4295 = CARTESIAN_POINT('',(-0.8,0.,-0.8));
#4296 = LINE('',#4297,#4298);
#4297 = CARTESIAN_POINT('',(0.8,0.,-0.8));
#4298 = VECTOR('',#4299,1.);
#4299 = DIRECTION('',(-1.,0.,0.));
#4300 = ORIENTED_EDGE('',*,*,#4301,.F.);
#4301 = EDGE_CURVE('',#4302,#4294,#4304,.T.);
#4302 = VERTEX_POINT('',#4303);
#4303 = CARTESIAN_POINT('',(-0.8,5.E-02,-0.8));
#4304 = LINE('',#4305,#4306);
#4305 = CARTESIAN_POINT('',(-0.8,5.E-02,-0.8));
#4306 = VECTOR('',#4307,1.);
#4307 = DIRECTION('',(0.,-1.,0.));
#4308 = ORIENTED_EDGE('',*,*,#4309,.F.);
#4309 = EDGE_CURVE('',#4271,#4302,#4310,.T.);
#4310 = LINE('',#4311,#4312);
#4311 = CARTESIAN_POINT('',(0.8,5.E-02,-0.8));
#4312 = VECTOR('',#4313,1.);
#4313 = DIRECTION('',(-1.,0.,0.));
#4314 = PLANE('',#4315);
#4315 = AXIS2_PLACEMENT_3D('',#4316,#4317,#4318);
#4316 = CARTESIAN_POINT('',(0.8,5.E-02,-0.8));
#4317 = DIRECTION('',(-0.,-0.,-1.));
#4318 = DIRECTION('',(-1.,0.,0.));
#4319 = ADVANCED_FACE('',(#4320),#4336,.T.);
#4320 = FACE_BOUND('',#4321,.T.);
#4321 = EDGE_LOOP('',(#4322,#4323,#4329,#4330));
#4322 = ORIENTED_EDGE('',*,*,#4301,.T.);
#4323 = ORIENTED_EDGE('',*,*,#4324,.T.);
#4324 = EDGE_CURVE('',#4294,#4224,#4325,.T.);
#4325 = LINE('',#4326,#4327);
#4326 = CARTESIAN_POINT('',(-0.8,0.,-0.8));
#4327 = VECTOR('',#4328,1.);
#4328 = DIRECTION('',(0.,0.,1.));
#4329 = ORIENTED_EDGE('',*,*,#4221,.F.);
#4330 = ORIENTED_EDGE('',*,*,#4331,.F.);
#4331 = EDGE_CURVE('',#4302,#4222,#4332,.T.);
#4332 = LINE('',#4333,#4334);
#4333 = CARTESIAN_POINT('',(-0.8,5.E-02,-0.8));
#4334 = VECTOR('',#4335,1.);
#4335 = DIRECTION('',(0.,0.,1.));
#4336 = PLANE('',#4337);
#4337 = AXIS2_PLACEMENT_3D('',#4338,#4339,#4340);
#4338 = CARTESIAN_POINT('',(-0.8,5.E-02,-0.8));
#4339 = DIRECTION('',(-1.,0.,0.));
#4340 = DIRECTION('',(0.,0.,1.));
#4341 = ADVANCED_FACE('',(#4342),#4348,.T.);
#4342 = FACE_BOUND('',#4343,.T.);
#4343 = EDGE_LOOP('',(#4344,#4345,#4346,#4347));
#4344 = ORIENTED_EDGE('',*,*,#4247,.T.);
#4345 = ORIENTED_EDGE('',*,*,#4278,.T.);
#4346 = ORIENTED_EDGE('',*,*,#4309,.T.);
#4347 = ORIENTED_EDGE('',*,*,#4331,.T.);
#4348 = PLANE('',#4349);
#4349 = AXIS2_PLACEMENT_3D('',#4350,#4351,#4352);
#4350 = CARTESIAN_POINT('',(0.,5.E-02,0.));
#4351 = DIRECTION('',(0.,1.,0.));
#4352 = DIRECTION('',(0.,-0.,1.));
#4353 = ADVANCED_FACE('',(#4354),#4360,.F.);
#4354 = FACE_BOUND('',#4355,.F.);
#4355 = EDGE_LOOP('',(#4356,#4357,#4358,#4359));
#4356 = ORIENTED_EDGE('',*,*,#4231,.T.);
#4357 = ORIENTED_EDGE('',*,*,#4262,.T.);
#4358 = ORIENTED_EDGE('',*,*,#4293,.T.);
#4359 = ORIENTED_EDGE('',*,*,#4324,.T.);
#4360 = PLANE('',#4361);
#4361 = AXIS2_PLACEMENT_3D('',#4362,#4363,#4364);
#4362 = CARTESIAN_POINT('',(0.,1.387778780781E-17,0.));
#4363 = DIRECTION('',(0.,1.,0.));
#4364 = DIRECTION('',(0.,-0.,1.));
#4365 = ( GEOMETRIC_REPRESENTATION_CONTEXT(3) 
GLOBAL_UNCERTAINTY_ASSIGNED_CONTEXT((#4369)) 
GLOBAL_UNIT_ASSIGNED_CONTEXT((#4366,#4367,#4368)) REPRESENTATION_CONTEXT
('Context #1','3D Context with UNIT and UNCERTAINTY') );
#4366 = ( LENGTH_UNIT() NAMED_UNIT(*) SI_UNIT(.MILLI.,.METRE.) );
#4367 = ( NAMED_UNIT(*) PLANE_ANGLE_UNIT() SI_UNIT($,.RADIAN.) );
#4368 = ( NAMED_UNIT(*) SI_UNIT($,.STERADIAN.) SOLID_ANGLE_UNIT() );
#4369 = UNCERTAINTY_MEASURE_WITH_UNIT(LENGTH_MEASURE(1.E-07),#4366,
  'distance_accuracy_value','confusion accuracy');
#4370 = CONTEXT_DEPENDENT_SHAPE_REPRESENTATION(#4371,#4373);
#4371 = ( REPRESENTATION_RELATIONSHIP('','',#4214,#10) 
REPRESENTATION_RELATIONSHIP_WITH_TRANSFORMATION(#4372) 
SHAPE_REPRESENTATION_RELATIONSHIP() );
#4372 = ITEM_DEFINED_TRANSFORMATION('','',#11,#87);
#4373 = PRODUCT_DEFINITION_SHAPE('Placement','Placement of an item',
  #4374);
#4374 = NEXT_ASSEMBLY_USAGE_OCCURRENCE('7363','Pad_17_1','',#5,#4209,$);
#4375 = PRODUCT_RELATED_PRODUCT_CATEGORY('part',$,(#4211));
#4376 = MECHANICAL_DESIGN_GEOMETRIC_PRESENTATION_REPRESENTATION('',(
    #4377),#3718);
#4377 = STYLED_ITEM('color',(#4378),#3498);
#4378 = PRESENTATION_STYLE_ASSIGNMENT((#4379,#4385));
#4379 = SURFACE_STYLE_USAGE(.BOTH.,#4380);
#4380 = SURFACE_SIDE_STYLE('',(#4381));
#4381 = SURFACE_STYLE_FILL_AREA(#4382);
#4382 = FILL_AREA_STYLE('',(#4383));
#4383 = FILL_AREA_STYLE_COLOUR('',#4384);
#4384 = COLOUR_RGB('',0.796078452645,0.823529417451,0.937254901616);
#4385 = CURVE_STYLE('',#4386,POSITIVE_LENGTH_MEASURE(0.1),#4387);
#4386 = DRAUGHTING_PRE_DEFINED_CURVE_FONT('continuous');
#4387 = COLOUR_RGB('',9.803921802644E-02,9.803921802644E-02,
  9.803921802644E-02);
#4388 = MECHANICAL_DESIGN_GEOMETRIC_PRESENTATION_REPRESENTATION('',(
    #4389),#3001);
#4389 = STYLED_ITEM('color',(#4390),#2781);
#4390 = PRESENTATION_STYLE_ASSIGNMENT((#4391,#4396));
#4391 = SURFACE_STYLE_USAGE(.BOTH.,#4392);
#4392 = SURFACE_SIDE_STYLE('',(#4393));
#4393 = SURFACE_STYLE_FILL_AREA(#4394);
#4394 = FILL_AREA_STYLE('',(#4395));
#4395 = FILL_AREA_STYLE_COLOUR('',#4384);
#4396 = CURVE_STYLE('',#4397,POSITIVE_LENGTH_MEASURE(0.1),#4387);
#4397 = DRAUGHTING_PRE_DEFINED_CURVE_FONT('continuous');
#4398 = MECHANICAL_DESIGN_GEOMETRIC_PRESENTATION_REPRESENTATION('',(
    #4399),#372);
#4399 = STYLED_ITEM('color',(#4400),#319);
#4400 = PRESENTATION_STYLE_ASSIGNMENT((#4401,#4407));
#4401 = SURFACE_STYLE_USAGE(.BOTH.,#4402);
#4402 = SURFACE_SIDE_STYLE('',(#4403));
#4403 = SURFACE_STYLE_FILL_AREA(#4404);
#4404 = FILL_AREA_STYLE('',(#4405));
#4405 = FILL_AREA_STYLE_COLOUR('',#4406);
#4406 = DRAUGHTING_PRE_DEFINED_COLOUR('white');
#4407 = CURVE_STYLE('',#4408,POSITIVE_LENGTH_MEASURE(0.1),#4387);
#4408 = DRAUGHTING_PRE_DEFINED_CURVE_FONT('continuous');
#4409 = MECHANICAL_DESIGN_GEOMETRIC_PRESENTATION_REPRESENTATION('',(
    #4410),#1328);
#4410 = STYLED_ITEM('color',(#4411),#1108);
#4411 = PRESENTATION_STYLE_ASSIGNMENT((#4412,#4417));
#4412 = SURFACE_STYLE_USAGE(.BOTH.,#4413);
#4413 = SURFACE_SIDE_STYLE('',(#4414));
#4414 = SURFACE_STYLE_FILL_AREA(#4415);
#4415 = FILL_AREA_STYLE('',(#4416));
#4416 = FILL_AREA_STYLE_COLOUR('',#4384);
#4417 = CURVE_STYLE('',#4418,POSITIVE_LENGTH_MEASURE(0.1),#4387);
#4418 = DRAUGHTING_PRE_DEFINED_CURVE_FONT('continuous');
#4419 = MECHANICAL_DESIGN_GEOMETRIC_PRESENTATION_REPRESENTATION('',(
    #4420),#3240);
#4420 = STYLED_ITEM('color',(#4421),#3020);
#4421 = PRESENTATION_STYLE_ASSIGNMENT((#4422,#4427));
#4422 = SURFACE_STYLE_USAGE(.BOTH.,#4423);
#4423 = SURFACE_SIDE_STYLE('',(#4424));
#4424 = SURFACE_STYLE_FILL_AREA(#4425);
#4425 = FILL_AREA_STYLE('',(#4426));
#4426 = FILL_AREA_STYLE_COLOUR('',#4384);
#4427 = CURVE_STYLE('',#4428,POSITIVE_LENGTH_MEASURE(0.1),#4387);
#4428 = DRAUGHTING_PRE_DEFINED_CURVE_FONT('continuous');
#4429 = MECHANICAL_DESIGN_GEOMETRIC_PRESENTATION_REPRESENTATION('',(
    #4430),#3957);
#4430 = STYLED_ITEM('color',(#4431),#3737);
#4431 = PRESENTATION_STYLE_ASSIGNMENT((#4432,#4437));
#4432 = SURFACE_STYLE_USAGE(.BOTH.,#4433);
#4433 = SURFACE_SIDE_STYLE('',(#4434));
#4434 = SURFACE_STYLE_FILL_AREA(#4435);
#4435 = FILL_AREA_STYLE('',(#4436));
#4436 = FILL_AREA_STYLE_COLOUR('',#4384);
#4437 = CURVE_STYLE('',#4438,POSITIVE_LENGTH_MEASURE(0.1),#4387);
#4438 = DRAUGHTING_PRE_DEFINED_CURVE_FONT('continuous');
#4439 = MECHANICAL_DESIGN_GEOMETRIC_PRESENTATION_REPRESENTATION('',(
    #4440),#3479);
#4440 = STYLED_ITEM('color',(#4441),#3259);
#4441 = PRESENTATION_STYLE_ASSIGNMENT((#4442,#4447));
#4442 = SURFACE_STYLE_USAGE(.BOTH.,#4443);
#4443 = SURFACE_SIDE_STYLE('',(#4444));
#4444 = SURFACE_STYLE_FILL_AREA(#4445);
#4445 = FILL_AREA_STYLE('',(#4446));
#4446 = FILL_AREA_STYLE_COLOUR('',#4384);
#4447 = CURVE_STYLE('',#4448,POSITIVE_LENGTH_MEASURE(0.1),#4387);
#4448 = DRAUGHTING_PRE_DEFINED_CURVE_FONT('continuous');
#4449 = MECHANICAL_DESIGN_GEOMETRIC_PRESENTATION_REPRESENTATION('',(
    #4450),#1806);
#4450 = STYLED_ITEM('color',(#4451),#1586);
#4451 = PRESENTATION_STYLE_ASSIGNMENT((#4452,#4457));
#4452 = SURFACE_STYLE_USAGE(.BOTH.,#4453);
#4453 = SURFACE_SIDE_STYLE('',(#4454));
#4454 = SURFACE_STYLE_FILL_AREA(#4455);
#4455 = FILL_AREA_STYLE('',(#4456));
#4456 = FILL_AREA_STYLE_COLOUR('',#4384);
#4457 = CURVE_STYLE('',#4458,POSITIVE_LENGTH_MEASURE(0.1),#4387);
#4458 = DRAUGHTING_PRE_DEFINED_CURVE_FONT('continuous');
#4459 = MECHANICAL_DESIGN_GEOMETRIC_PRESENTATION_REPRESENTATION('',(
    #4460),#4196);
#4460 = STYLED_ITEM('color',(#4461),#3976);
#4461 = PRESENTATION_STYLE_ASSIGNMENT((#4462,#4467));
#4462 = SURFACE_STYLE_USAGE(.BOTH.,#4463);
#4463 = SURFACE_SIDE_STYLE('',(#4464));
#4464 = SURFACE_STYLE_FILL_AREA(#4465);
#4465 = FILL_AREA_STYLE('',(#4466));
#4466 = FILL_AREA_STYLE_COLOUR('',#4384);
#4467 = CURVE_STYLE('',#4468,POSITIVE_LENGTH_MEASURE(0.1),#4387);
#4468 = DRAUGHTING_PRE_DEFINED_CURVE_FONT('continuous');
#4469 = MECHANICAL_DESIGN_GEOMETRIC_PRESENTATION_REPRESENTATION('',(
    #4470),#2523);
#4470 = STYLED_ITEM('color',(#4471),#2303);
#4471 = PRESENTATION_STYLE_ASSIGNMENT((#4472,#4477));
#4472 = SURFACE_STYLE_USAGE(.BOTH.,#4473);
#4473 = SURFACE_SIDE_STYLE('',(#4474));
#4474 = SURFACE_STYLE_FILL_AREA(#4475);
#4475 = FILL_AREA_STYLE('',(#4476));
#4476 = FILL_AREA_STYLE_COLOUR('',#4384);
#4477 = CURVE_STYLE('',#4478,POSITIVE_LENGTH_MEASURE(0.1),#4387);
#4478 = DRAUGHTING_PRE_DEFINED_CURVE_FONT('continuous');
#4479 = MECHANICAL_DESIGN_GEOMETRIC_PRESENTATION_REPRESENTATION('',(
    #4480),#300);
#4480 = STYLED_ITEM('color',(#4481),#105);
#4481 = PRESENTATION_STYLE_ASSIGNMENT((#4482,#4488));
#4482 = SURFACE_STYLE_USAGE(.BOTH.,#4483);
#4483 = SURFACE_SIDE_STYLE('',(#4484));
#4484 = SURFACE_STYLE_FILL_AREA(#4485);
#4485 = FILL_AREA_STYLE('',(#4486));
#4486 = FILL_AREA_STYLE_COLOUR('',#4487);
#4487 = COLOUR_RGB('',0.250980406631,0.250980406631,0.250980406631);
#4488 = CURVE_STYLE('',#4489,POSITIVE_LENGTH_MEASURE(0.1),#4387);
#4489 = DRAUGHTING_PRE_DEFINED_CURVE_FONT('continuous');
#4490 = MECHANICAL_DESIGN_GEOMETRIC_PRESENTATION_REPRESENTATION('',(
    #4491),#2045);
#4491 = STYLED_ITEM('color',(#4492),#1825);
#4492 = PRESENTATION_STYLE_ASSIGNMENT((#4493,#4498));
#4493 = SURFACE_STYLE_USAGE(.BOTH.,#4494);
#4494 = SURFACE_SIDE_STYLE('',(#4495));
#4495 = SURFACE_STYLE_FILL_AREA(#4496);
#4496 = FILL_AREA_STYLE('',(#4497));
#4497 = FILL_AREA_STYLE_COLOUR('',#4384);
#4498 = CURVE_STYLE('',#4499,POSITIVE_LENGTH_MEASURE(0.1),#4387);
#4499 = DRAUGHTING_PRE_DEFINED_CURVE_FONT('continuous');
#4500 = MECHANICAL_DESIGN_GEOMETRIC_PRESENTATION_REPRESENTATION('',(
    #4501),#611);
#4501 = STYLED_ITEM('color',(#4502),#391);
#4502 = PRESENTATION_STYLE_ASSIGNMENT((#4503,#4508));
#4503 = SURFACE_STYLE_USAGE(.BOTH.,#4504);
#4504 = SURFACE_SIDE_STYLE('',(#4505));
#4505 = SURFACE_STYLE_FILL_AREA(#4506);
#4506 = FILL_AREA_STYLE('',(#4507));
#4507 = FILL_AREA_STYLE_COLOUR('',#4384);
#4508 = CURVE_STYLE('',#4509,POSITIVE_LENGTH_MEASURE(0.1),#4387);
#4509 = DRAUGHTING_PRE_DEFINED_CURVE_FONT('continuous');
#4510 = MECHANICAL_DESIGN_GEOMETRIC_PRESENTATION_REPRESENTATION('',(
    #4511),#1089);
#4511 = STYLED_ITEM('color',(#4512),#869);
#4512 = PRESENTATION_STYLE_ASSIGNMENT((#4513,#4518));
#4513 = SURFACE_STYLE_USAGE(.BOTH.,#4514);
#4514 = SURFACE_SIDE_STYLE('',(#4515));
#4515 = SURFACE_STYLE_FILL_AREA(#4516);
#4516 = FILL_AREA_STYLE('',(#4517));
#4517 = FILL_AREA_STYLE_COLOUR('',#4384);
#4518 = CURVE_STYLE('',#4519,POSITIVE_LENGTH_MEASURE(0.1),#4387);
#4519 = DRAUGHTING_PRE_DEFINED_CURVE_FONT('continuous');
#4520 = MECHANICAL_DESIGN_GEOMETRIC_PRESENTATION_REPRESENTATION('',(
    #4521),#2762);
#4521 = STYLED_ITEM('color',(#4522),#2542);
#4522 = PRESENTATION_STYLE_ASSIGNMENT((#4523,#4528));
#4523 = SURFACE_STYLE_USAGE(.BOTH.,#4524);
#4524 = SURFACE_SIDE_STYLE('',(#4525));
#4525 = SURFACE_STYLE_FILL_AREA(#4526);
#4526 = FILL_AREA_STYLE('',(#4527));
#4527 = FILL_AREA_STYLE_COLOUR('',#4384);
#4528 = CURVE_STYLE('',#4529,POSITIVE_LENGTH_MEASURE(0.1),#4387);
#4529 = DRAUGHTING_PRE_DEFINED_CURVE_FONT('continuous');
#4530 = MECHANICAL_DESIGN_GEOMETRIC_PRESENTATION_REPRESENTATION('',(
    #4531),#2284);
#4531 = STYLED_ITEM('color',(#4532),#2064);
#4532 = PRESENTATION_STYLE_ASSIGNMENT((#4533,#4538));
#4533 = SURFACE_STYLE_USAGE(.BOTH.,#4534);
#4534 = SURFACE_SIDE_STYLE('',(#4535));
#4535 = SURFACE_STYLE_FILL_AREA(#4536);
#4536 = FILL_AREA_STYLE('',(#4537));
#4537 = FILL_AREA_STYLE_COLOUR('',#4384);
#4538 = CURVE_STYLE('',#4539,POSITIVE_LENGTH_MEASURE(0.1),#4387);
#4539 = DRAUGHTING_PRE_DEFINED_CURVE_FONT('continuous');
#4540 = MECHANICAL_DESIGN_GEOMETRIC_PRESENTATION_REPRESENTATION('',(
    #4541),#1567);
#4541 = STYLED_ITEM('color',(#4542),#1347);
#4542 = PRESENTATION_STYLE_ASSIGNMENT((#4543,#4548));
#4543 = SURFACE_STYLE_USAGE(.BOTH.,#4544);
#4544 = SURFACE_SIDE_STYLE('',(#4545));
#4545 = SURFACE_STYLE_FILL_AREA(#4546);
#4546 = FILL_AREA_STYLE('',(#4547));
#4547 = FILL_AREA_STYLE_COLOUR('',#4384);
#4548 = CURVE_STYLE('',#4549,POSITIVE_LENGTH_MEASURE(0.1),#4387);
#4549 = DRAUGHTING_PRE_DEFINED_CURVE_FONT('continuous');
#4550 = MECHANICAL_DESIGN_GEOMETRIC_PRESENTATION_REPRESENTATION('',(
    #4551),#850);
#4551 = STYLED_ITEM('color',(#4552),#630);
#4552 = PRESENTATION_STYLE_ASSIGNMENT((#4553,#4558));
#4553 = SURFACE_STYLE_USAGE(.BOTH.,#4554);
#4554 = SURFACE_SIDE_STYLE('',(#4555));
#4555 = SURFACE_STYLE_FILL_AREA(#4556);
#4556 = FILL_AREA_STYLE('',(#4557));
#4557 = FILL_AREA_STYLE_COLOUR('',#4384);
#4558 = CURVE_STYLE('',#4559,POSITIVE_LENGTH_MEASURE(0.1),#4387);
#4559 = DRAUGHTING_PRE_DEFINED_CURVE_FONT('continuous');
#4560 = MECHANICAL_DESIGN_GEOMETRIC_PRESENTATION_REPRESENTATION('',(
    #4561),#4365);
#4561 = STYLED_ITEM('color',(#4562),#4215);
#4562 = PRESENTATION_STYLE_ASSIGNMENT((#4563,#4568));
#4563 = SURFACE_STYLE_USAGE(.BOTH.,#4564);
#4564 = SURFACE_SIDE_STYLE('',(#4565));
#4565 = SURFACE_STYLE_FILL_AREA(#4566);
#4566 = FILL_AREA_STYLE('',(#4567));
#4567 = FILL_AREA_STYLE_COLOUR('',#4384);
#4568 = CURVE_STYLE('',#4569,POSITIVE_LENGTH_MEASURE(0.1),#4387);
#4569 = DRAUGHTING_PRE_DEFINED_CURVE_FONT('continuous');
ENDSEC;
END-ISO-10303-21;
